Location,Time,Common Name,count
0m,evening,Sunda Scops-Owl,1540
0m,evening,Oriental Bay-Owl,161
0m,evening,Pacific Swallow,61
0m,evening,Olive-winged Bulbul,25
0m,evening,Asian Emerald Dove,13
0m,evening,Orange-bellied Flowerpecker,13
0m,evening,Barred Eagle-Owl,8
0m,evening,Rock Pigeon,5
0m,evening,Changeable Hawk-Eagle,4
0m,evening,Slender-billed Crow,4
0m,evening,Brown-throated Sunbird,3
0m,evening,Sunda Frogmouth,3
0m,evening,Banded Bay Cuckoo,2
0m,evening,Black Magpie,2
0m,evening,Black-backed Dwarf-Kingfisher,2
0m,evening,Garnet Pitta,2
0m,evening,Great Eared-Nightjar,2
0m,evening,Malaysian Rail-babbler,2
0m,evening,Black-naped Oriole,1
0m,evening,Brown Boobook,1
0m,evening,Buffy Fish-Owl,1
0m,evening,Common Kingfisher,1
0m,evening,Crested Serpent-Eagle,1
0m,evening,Great-billed Heron,1
0m,evening,Greater Coucal,1
0m,evening,Greater Painted-Snipe,1
0m,evening,Rhinoceros Hornbill,1
0m,evening,Stork-billed Kingfisher,1
0m,evening,White-throated Kingfisher,1
0m,evening,Yellow-eared Spiderhunter,1
0m,morning,Oriental Bay-Owl,1626
0m,morning,Sunda Scops-Owl,1522
0m,morning,Orange-bellied Flowerpecker,262
0m,morning,Olive-winged Bulbul,257
0m,morning,Crimson Sunbird,185
0m,morning,Brown-throated Sunbird,36
0m,morning,Pin-striped Tit-Babbler,26
0m,morning,Yellow-vented Bulbul,26
0m,morning,Dark-necked Tailorbird,22
0m,morning,Common Tailorbird,21
0m,morning,Greater Racket-tailed Drongo,18
0m,morning,Black Magpie,15
0m,morning,Scarlet-backed Flowerpecker,13
0m,morning,Olive-backed Sunbird,9
0m,morning,Arctic Warbler,8
0m,morning,Asian Glossy Starling,5
0m,morning,Barn Owl,5
0m,morning,Barred Eagle-Owl,4
0m,morning,Black-crested Bulbul,4
0m,morning,Black-naped Monarch,4
0m,morning,Sunda Frogmouth,4
0m,morning,Bar-winged Flycatcher-shrike,3
0m,morning,Cinnamon-headed Green-Pigeon,3
0m,morning,Rhinoceros Hornbill,3
0m,morning,Stripe-throated Bulbul,3
0m,morning,Asian Brown Flycatcher,2
0m,morning,Asian Emerald Dove,2
0m,morning,Buffy Fish-Owl,2
0m,morning,Little Spiderhunter,2
0m,morning,Pacific Swallow,2
0m,morning,Plain Prinia,2
0m,morning,Ashy Tailorbird,1
0m,morning,Banded Bay Cuckoo,1
0m,morning,Brown Boobook,1
0m,morning,Caspian Tern,1
0m,morning,Changeable Hawk-Eagle,1
0m,morning,Common Kingfisher,1
0m,morning,Common Sandpiper,1
0m,morning,Fire-breasted Flowerpecker,1
0m,morning,Fulvous-chested Jungle-Flycatcher,1
0m,morning,Great Eared-Nightjar,1
0m,morning,Green Sandpiper,1
0m,morning,Malaysian Pied-Fantail,1
0m,morning,Red Junglefowl,1
0m,morning,Rock Pigeon,1
0m,morning,Ruby-cheeked Sunbird,1
0m,morning,Rufous-tailed Tailorbird,1
0m,morning,Spectacled Bulbul,1
0m,morning,Stork-billed Kingfisher,1
0m,morning,Straw-headed Bulbul,1
0m,morning,Yellow-browed Warbler,1
100m,evening,Arctic Warbler,146
100m,evening,Sunda Scops-Owl,49
100m,evening,Changeable Hawk-Eagle,48
100m,evening,Brown-throated Sunbird,36
100m,evening,Brown Boobook,35
100m,evening,Olive-backed Sunbird,28
100m,evening,Barred Eagle-Owl,10
100m,evening,Black-capped Kingfisher,7
100m,evening,Crested Serpent-Eagle,7
100m,evening,Black-backed Dwarf-Kingfisher,4
100m,evening,Eurasian Curlew,4
100m,evening,Oriental Bay-Owl,4
100m,evening,Slaty-legged Crake,4
100m,evening,nocall,4
100m,evening,Asian Emerald Dove,3
100m,evening,Crimson Sunbird,3
100m,evening,Orange-bellied Flowerpecker,3
100m,evening,Rock Pigeon,3
100m,evening,Slender-billed Crow,2
100m,evening,Asian Fairy-bluebird,1
100m,evening,Black-and-red Broadbill,1
100m,evening,Black-crowned Night-Heron,1
100m,evening,Brown Wood-Owl,1
100m,evening,Greater Coucal,1
100m,evening,Olive-winged Bulbul,1
100m,evening,Rufous-chested Flycatcher,1
100m,evening,Savanna Nightjar,1
100m,evening,Scarlet-backed Flowerpecker,1
100m,morning,Sunda Scops-Owl,2964
100m,morning,Orange-bellied Flowerpecker,412
100m,morning,Arctic Warbler,187
100m,morning,Oriental Bay-Owl,120
100m,morning,Brown-throated Sunbird,104
100m,morning,Olive-winged Bulbul,91
100m,morning,Barred Eagle-Owl,64
100m,morning,Pin-striped Tit-Babbler,58
100m,morning,Cream-vented Bulbul,52
100m,morning,Crimson Sunbird,39
100m,morning,Greater Racket-tailed Drongo,37
100m,morning,Yellow-vented Bulbul,37
100m,morning,Asian Emerald Dove,23
100m,morning,Large Frogmouth,17
100m,morning,Long-tailed Parakeet,13
100m,morning,Sunda Frogmouth,13
100m,morning,Scarlet-backed Flowerpecker,11
100m,morning,Fire-breasted Flowerpecker,9
100m,morning,Banded Bay Cuckoo,7
100m,morning,Rock Pigeon,7
100m,morning,Fluffy-backed Tit-Babbler,6
100m,morning,Changeable Hawk-Eagle,5
100m,morning,Little Bronze-Cuckoo,5
100m,morning,Mangrove Whistler,5
100m,morning,Blue-winged Leafbird,4
100m,morning,Brown Boobook,4
100m,morning,Brown Wood-Owl,4
100m,morning,Short-toed Coucal,4
100m,morning,Asian Brown Flycatcher,3
100m,morning,Banded Woodpecker,3
100m,morning,Cinnamon-headed Green-Pigeon,3
100m,morning,Eurasian Curlew,3
100m,morning,Malaysian Pied-Fantail,3
100m,morning,Olive-backed Sunbird,3
100m,morning,Red-breasted Parakeet,3
100m,morning,Rufous-winged Philentoma,3
100m,morning,Blue-throated Bee-eater,2
100m,morning,Common Iora,2
100m,morning,Greater Flameback,2
100m,morning,Maroon-breasted Philentoma,2
100m,morning,Plaintive Cuckoo,2
100m,morning,Slaty-legged Crake,2
100m,morning,Asian Fairy-bluebird,1
100m,morning,Asian Glossy Starling,1
100m,morning,Black Magpie,1
100m,morning,Black-headed Bulbul,1
100m,morning,Black-naped Monarch,1
100m,morning,Blue-rumped Parrot,1
100m,morning,Brush Cuckoo,1
100m,morning,Buffy Fish-Owl,1
100m,morning,Caspian Tern,1
100m,morning,Chestnut-crowned Warbler,1
100m,morning,Common Flameback,1
100m,morning,Crested Serpent-Eagle,1
100m,morning,Gray-headed Canary-Flycatcher,1
100m,morning,Greater Coucal,1
100m,morning,Green Imperial-Pigeon,1
100m,morning,Horsfield's Babbler,1
100m,morning,Rufous-tailed Tailorbird,1
100m,morning,Snowy-browed Flycatcher,1
100m,morning,White-bellied Woodpecker,1
12.5m,evening,Sunda Scops-Owl,940
12.5m,evening,Oriental Bay-Owl,440
12.5m,evening,Orange-bellied Flowerpecker,38
12.5m,evening,Olive-winged Bulbul,20
12.5m,evening,Barred Eagle-Owl,17
12.5m,evening,Black-backed Dwarf-Kingfisher,8
12.5m,evening,Rock Pigeon,8
12.5m,evening,Asian Emerald Dove,6
12.5m,evening,Arctic Warbler,3
12.5m,evening,Banded Bay Cuckoo,3
12.5m,evening,Black Magpie,3
12.5m,evening,Pacific Swallow,3
12.5m,evening,Sunda Frogmouth,3
12.5m,evening,nocall,3
12.5m,evening,Brown Boobook,2
12.5m,evening,Brown Wood-Owl,2
12.5m,evening,Changeable Hawk-Eagle,2
12.5m,evening,Barn Owl,1
12.5m,evening,Blue-eared Kingfisher,1
12.5m,evening,Blue-tailed Bee-eater,1
12.5m,evening,Brown Shrike,1
12.5m,evening,Eurasian Curlew,1
12.5m,evening,Eurasian Moorhen,1
12.5m,evening,Greater Coucal,1
12.5m,evening,Rhinoceros Hornbill,1
12.5m,morning,Sunda Scops-Owl,1813
12.5m,morning,Oriental Bay-Owl,1710
12.5m,morning,Orange-bellied Flowerpecker,366
12.5m,morning,Olive-winged Bulbul,357
12.5m,morning,Crimson Sunbird,199
12.5m,morning,Pin-striped Tit-Babbler,140
12.5m,morning,Yellow-vented Bulbul,44
12.5m,morning,Brown-throated Sunbird,42
12.5m,morning,Dark-necked Tailorbird,32
12.5m,morning,Greater Racket-tailed Drongo,23
12.5m,morning,Cinnamon-headed Green-Pigeon,20
12.5m,morning,Common Tailorbird,19
12.5m,morning,Large Frogmouth,16
12.5m,morning,Brown Wood-Owl,12
12.5m,morning,Rufous-tailed Tailorbird,10
12.5m,morning,Sunda Frogmouth,8
12.5m,morning,Black Magpie,7
12.5m,morning,Arctic Warbler,5
12.5m,morning,Asian Emerald Dove,5
12.5m,morning,Barred Eagle-Owl,5
12.5m,morning,Little Spiderhunter,5
12.5m,morning,Olive-backed Sunbird,5
12.5m,morning,Scarlet-backed Flowerpecker,5
12.5m,morning,Asian Brown Flycatcher,4
12.5m,morning,Asian Glossy Starling,4
12.5m,morning,Brown Boobook,4
12.5m,morning,Rock Pigeon,4
12.5m,morning,Ruby-cheeked Sunbird,4
12.5m,morning,Yellow-breasted Flowerpecker,3
12.5m,morning,Banded Bay Cuckoo,2
12.5m,morning,Bar-winged Flycatcher-shrike,2
12.5m,morning,Changeable Hawk-Eagle,2
12.5m,morning,Long-tailed Parakeet,2
12.5m,morning,Plain Prinia,2
12.5m,morning,Ashy Drongo,1
12.5m,morning,Barn Owl,1
12.5m,morning,Black-naped Monarch,1
12.5m,morning,Blue-throated Bee-eater,1
12.5m,morning,Blue-winged Leafbird,1
12.5m,morning,Bronzed Drongo,1
12.5m,morning,Buffy Fish-Owl,1
12.5m,morning,Eastern Crowned Warbler,1
12.5m,morning,Gray Wagtail,1
12.5m,morning,Little Green-Pigeon,1
12.5m,morning,Oriental Magpie-Robin,1
12.5m,morning,Rhinoceros Hornbill,1
12.5m,morning,Savanna Nightjar,1
12.5m,morning,Scarlet-breasted Flowerpecker,1
12.5m,morning,Stork-billed Kingfisher,1
12.5m,morning,White-chested Babbler,1
12.5m,morning,White-throated Kingfisher,1
12.5m,morning,Yellow-browed Warbler,1
25m,evening,Sunda Scops-Owl,817
25m,evening,Oriental Bay-Owl,465
25m,evening,Orange-bellied Flowerpecker,28
25m,evening,Olive-winged Bulbul,19
25m,evening,Pin-striped Tit-Babbler,10
25m,evening,Asian Emerald Dove,5
25m,evening,Brown Boobook,4
25m,evening,Brown Wood-Owl,4
25m,evening,Long-tailed Parakeet,4
25m,evening,Arctic Warbler,3
25m,evening,Black-capped Kingfisher,3
25m,evening,Changeable Hawk-Eagle,3
25m,evening,Sunda Frogmouth,3
25m,evening,Banded Bay Cuckoo,2
25m,evening,Barred Eagle-Owl,2
25m,evening,Black-backed Dwarf-Kingfisher,2
25m,evening,Cream-vented Bulbul,2
25m,evening,Greater Racket-tailed Drongo,2
25m,evening,Malaysian Pied-Fantail,2
25m,evening,Yellow-vented Bulbul,2
25m,evening,Asian Fairy-bluebird,1
25m,evening,Barn Owl,1
25m,evening,Chestnut-backed Scimitar-Babbler,1
25m,evening,Fire-tufted Barbet,1
25m,evening,Indian Cuckoo,1
25m,evening,Pacific Swallow,1
25m,evening,Red-breasted Parakeet,1
25m,evening,Reddish Scops-Owl,1
25m,evening,Rhinoceros Hornbill,1
25m,evening,Rock Pigeon,1
25m,evening,Slender-billed Crow,1
25m,evening,White-rumped Shama,1
25m,evening,nocall,1
25m,morning,Sunda Scops-Owl,3149
25m,morning,Oriental Bay-Owl,2060
25m,morning,Olive-winged Bulbul,480
25m,morning,Orange-bellied Flowerpecker,423
25m,morning,Pin-striped Tit-Babbler,257
25m,morning,Crimson Sunbird,185
25m,morning,Yellow-vented Bulbul,109
25m,morning,Arctic Warbler,73
25m,morning,Brown-throated Sunbird,48
25m,morning,Dark-necked Tailorbird,44
25m,morning,Brown Wood-Owl,37
25m,morning,Scarlet-backed Flowerpecker,27
25m,morning,Common Tailorbird,26
25m,morning,Greater Racket-tailed Drongo,26
25m,morning,Cinnamon-headed Green-Pigeon,23
25m,morning,Rufous-tailed Tailorbird,11
25m,morning,Asian Emerald Dove,9
25m,morning,Asian Glossy Starling,8
25m,morning,Olive-backed Sunbird,8
25m,morning,Rock Pigeon,6
25m,morning,Sunda Frogmouth,6
25m,morning,Asian Brown Flycatcher,5
25m,morning,Banded Bay Cuckoo,3
25m,morning,Changeable Hawk-Eagle,3
25m,morning,Cream-vented Bulbul,3
25m,morning,Ruby-cheeked Sunbird,3
25m,morning,Barred Eagle-Owl,2
25m,morning,Black-capped Kingfisher,2
25m,morning,Blue-throated Bee-eater,2
25m,morning,Brown Boobook,2
25m,morning,Common Iora,2
25m,morning,Fire-breasted Flowerpecker,2
25m,morning,Gray Wagtail,2
25m,morning,Large Frogmouth,2
25m,morning,Little Spiderhunter,2
25m,morning,Long-tailed Parakeet,2
25m,morning,Savanna Nightjar,2
25m,morning,Yellow-browed Warbler,2
25m,morning,Asian Fairy-bluebird,1
25m,morning,Banded Kingfisher,1
25m,morning,Black Magpie,1
25m,morning,Black-naped Monarch,1
25m,morning,Bronzed Drongo,1
25m,morning,Brown Fulvetta,1
25m,morning,Fluffy-backed Tit-Babbler,1
25m,morning,Lesser Cuckooshrike,1
25m,morning,Malaysian Pied-Fantail,1
25m,morning,Plaintive Cuckoo,1
25m,morning,Snowy-browed Flycatcher,1
25m,morning,Stripe-throated Bulbul,1
25m,morning,Yellow-breasted Flowerpecker,1
275m,evening,Sunda Scops-Owl,2917
275m,evening,Orange-bellied Flowerpecker,111
275m,evening,Oriental Bay-Owl,80
275m,evening,Olive-winged Bulbul,56
275m,evening,Banded Bay Cuckoo,53
275m,evening,Arctic Warbler,33
275m,evening,Barred Eagle-Owl,25
275m,evening,Large Frogmouth,21
275m,evening,Brown-throated Sunbird,15
275m,evening,Gray-rumped Treeswift,12
275m,evening,Black-naped Monarch,10
275m,evening,Slender-billed Crow,10
275m,evening,Common Hill Myna,8
275m,evening,Long-tailed Parakeet,8
275m,evening,Black-capped Kingfisher,7
275m,evening,Blue-rumped Parrot,7
275m,evening,Yellow-vented Bulbul,7
275m,evening,Olive-backed Sunbird,5
275m,evening,Black-naped Oriole,4
275m,evening,Plain Flowerpecker,4
275m,evening,Changeable Hawk-Eagle,3
275m,evening,Chestnut-backed Scimitar-Babbler,3
275m,evening,Eurasian Curlew,2
275m,evening,Eurasian Moorhen,2
275m,evening,Greater Racket-tailed Drongo,2
275m,evening,Malaysian Pied-Fantail,2
275m,evening,Shikra,2
275m,evening,Stork-billed Kingfisher,2
275m,evening,Banded Woodpecker,1
275m,evening,Barn Owl,1
275m,evening,Black-and-yellow Broadbill,1
275m,evening,Black-crowned Night-Heron,1
275m,evening,Common Kingfisher,1
275m,evening,Common Sandpiper,1
275m,evening,Copper-throated Sunbird,1
275m,evening,Little Bronze-Cuckoo,1
275m,evening,Malaysian Rail-babbler,1
275m,evening,Osprey,1
275m,evening,Pacific Swallow,1
275m,evening,Plaintive Cuckoo,1
275m,evening,Red-breasted Parakeet,1
275m,evening,Rock Pigeon,1
275m,evening,Scarlet-backed Flowerpecker,1
275m,evening,Short-tailed Babbler,1
275m,evening,Slaty-legged Crake,1
275m,evening,Watercock,1
275m,evening,White-bellied Woodpecker,1
275m,morning,Olive-winged Bulbul,2939
275m,morning,Sunda Scops-Owl,1133
275m,morning,Orange-bellied Flowerpecker,1076
275m,morning,Pin-striped Tit-Babbler,1008
275m,morning,Yellow-vented Bulbul,646
275m,morning,Brown-throated Sunbird,486
275m,morning,Large Frogmouth,433
275m,morning,Oriental Bay-Owl,222
275m,morning,Greater Racket-tailed Drongo,110
275m,morning,Cinnamon-headed Green-Pigeon,58
275m,morning,Banded Woodpecker,50
275m,morning,Blue-throated Bee-eater,44
275m,morning,Crimson Sunbird,41
275m,morning,Black-capped Kingfisher,34
275m,morning,Common Flameback,26
275m,morning,Arctic Warbler,24
275m,morning,Changeable Hawk-Eagle,19
275m,morning,Blue-rumped Parrot,18
275m,morning,Long-tailed Parakeet,16
275m,morning,Sunda Frogmouth,15
275m,morning,Dark-necked Tailorbird,11
275m,morning,Asian Fairy-bluebird,10
275m,morning,Mangrove Whistler,10
275m,morning,Olive-backed Sunbird,10
275m,morning,Black-crested Bulbul,9
275m,morning,Blue-tailed Bee-eater,9
275m,morning,Greater Flameback,8
275m,morning,Common Hill Myna,7
275m,morning,Eastern Crowned Warbler,7
275m,morning,Great-billed Heron,7
275m,morning,Scarlet-backed Flowerpecker,7
275m,morning,Asian Emerald Dove,6
275m,morning,Black Magpie,6
275m,morning,Black-naped Oriole,6
275m,morning,Moustached Hawk-Cuckoo,6
275m,morning,Plaintive Cuckoo,6
275m,morning,Stripe-throated Bulbul,6
275m,morning,Asian Glossy Starling,5
275m,morning,Banded Bay Cuckoo,5
275m,morning,Rufous-tailed Tailorbird,5
275m,morning,Blue-winged Leafbird,4
275m,morning,Crow-billed Drongo,4
275m,morning,Gray-rumped Treeswift,4
275m,morning,Red Junglefowl,4
275m,morning,Shikra,4
275m,morning,Spectacled Bulbul,4
275m,morning,Black Bittern,3
275m,morning,Red-breasted Parakeet,3
275m,morning,White-bellied Sea-Eagle,3
275m,morning,Yellow-breasted Flowerpecker,3
275m,morning,Ashy Tailorbird,2
275m,morning,Chestnut-crowned Warbler,2
275m,morning,Lanceolated Warbler,2
275m,morning,Malaysian Pied-Fantail,2
275m,morning,Ruby-cheeked Sunbird,2
275m,morning,Straw-headed Bulbul,2
275m,morning,Whimbrel,2
275m,morning,Yellow-browed Warbler,2
275m,morning,Yellow-rumped Flycatcher,2
275m,morning,Asian Brown Flycatcher,1
275m,morning,Black-backed Dwarf-Kingfisher,1
275m,morning,Black-naped Monarch,1
275m,morning,Blue-crowned Hanging-Parrot,1
275m,morning,Blue-eared Barbet,1
275m,morning,Brown Wood-Owl,1
275m,morning,Brush Cuckoo,1
275m,morning,Chestnut-winged Babbler,1
275m,morning,Copper-throated Sunbird,1
275m,morning,Crested Serpent-Eagle,1
275m,morning,Eurasian Curlew,1
275m,morning,Eurasian Moorhen,1
275m,morning,Gray Wagtail,1
275m,morning,Little Bronze-Cuckoo,1
275m,morning,Little Spiderhunter,1
275m,morning,Maroon-breasted Philentoma,1
275m,morning,Pied Imperial-Pigeon,1
275m,morning,Savanna Nightjar,1
275m,morning,Scarlet-breasted Flowerpecker,1
275m,morning,Stork-billed Kingfisher,1
275m,morning,Wallace's Hawk-Eagle,1
275m,morning,White-chested Babbler,1
37.5m,evening,Sunda Scops-Owl,68
37.5m,evening,Orange-bellied Flowerpecker,36
37.5m,evening,Pin-striped Tit-Babbler,18
37.5m,evening,Oriental Bay-Owl,9
37.5m,evening,nocall,7
37.5m,evening,Asian Emerald Dove,6
37.5m,evening,Changeable Hawk-Eagle,6
37.5m,evening,Cream-vented Bulbul,6
37.5m,evening,Long-tailed Parakeet,5
37.5m,evening,Brown Boobook,4
37.5m,evening,Dark-necked Tailorbird,4
37.5m,evening,Eurasian Tree Sparrow,4
37.5m,evening,Lanceolated Warbler,4
37.5m,evening,Rock Pigeon,4
37.5m,evening,Eurasian Curlew,3
37.5m,evening,White-rumped Shama,3
37.5m,evening,Arctic Warbler,2
37.5m,evening,Black-crowned Night-Heron,2
37.5m,evening,Malaysian Pied-Fantail,2
37.5m,evening,Scarlet-backed Flowerpecker,2
37.5m,evening,Sunda Frogmouth,2
37.5m,evening,Asian Fairy-bluebird,1
37.5m,evening,Barn Owl,1
37.5m,evening,Black-capped Kingfisher,1
37.5m,evening,Brown-throated Sunbird,1
37.5m,evening,Golden-headed Cisticola,1
37.5m,evening,Olive-winged Bulbul,1
37.5m,evening,Red-breasted Parakeet,1
37.5m,morning,Sunda Scops-Owl,3166
37.5m,morning,Orange-bellied Flowerpecker,645
37.5m,morning,Crimson Sunbird,498
37.5m,morning,Oriental Bay-Owl,441
37.5m,morning,Olive-winged Bulbul,432
37.5m,morning,Pin-striped Tit-Babbler,305
37.5m,morning,Arctic Warbler,143
37.5m,morning,Dark-necked Tailorbird,107
37.5m,morning,Brown-throated Sunbird,80
37.5m,morning,Scarlet-backed Flowerpecker,65
37.5m,morning,Yellow-vented Bulbul,65
37.5m,morning,Common Tailorbird,46
37.5m,morning,Cream-vented Bulbul,35
37.5m,morning,Large Frogmouth,23
37.5m,morning,Greater Racket-tailed Drongo,21
37.5m,morning,Sunda Frogmouth,20
37.5m,morning,Fire-breasted Flowerpecker,18
37.5m,morning,Cinnamon-headed Green-Pigeon,14
37.5m,morning,Black-naped Monarch,13
37.5m,morning,Olive-backed Sunbird,11
37.5m,morning,Asian Glossy Starling,9
37.5m,morning,Brown Wood-Owl,7
37.5m,morning,Yellow-breasted Flowerpecker,7
37.5m,morning,Long-tailed Parakeet,6
37.5m,morning,Barred Eagle-Owl,5
37.5m,morning,Ashy Tailorbird,4
37.5m,morning,Asian Brown Flycatcher,4
37.5m,morning,Little Spiderhunter,4
37.5m,morning,Rock Pigeon,4
37.5m,morning,Brown Boobook,3
37.5m,morning,Eurasian Tree Sparrow,3
37.5m,morning,Fluffy-backed Tit-Babbler,3
37.5m,morning,Asian Emerald Dove,2
37.5m,morning,Banded Bay Cuckoo,2
37.5m,morning,Blue-throated Bee-eater,2
37.5m,morning,Blue-winged Leafbird,2
37.5m,morning,Gray Wagtail,2
37.5m,morning,Red-crowned Barbet,2
37.5m,morning,Ruby-cheeked Sunbird,2
37.5m,morning,Shiny Whistling-Thrush,2
37.5m,morning,Snowy-browed Flycatcher,2
37.5m,morning,Stripe-throated Bulbul,2
37.5m,morning,Yellow-browed Warbler,2
37.5m,morning,Black Magpie,1
37.5m,morning,Blue-crowned Hanging-Parrot,1
37.5m,morning,Brown Fulvetta,1
37.5m,morning,Buffy Fish-Owl,1
37.5m,morning,Common Iora,1
37.5m,morning,Greater Painted-Snipe,1
37.5m,morning,Green Imperial-Pigeon,1
37.5m,morning,Horsfield's Babbler,1
37.5m,morning,Little Bronze-Cuckoo,1
37.5m,morning,Plain Flowerpecker,1
37.5m,morning,Red-breasted Parakeet,1
37.5m,morning,Rufous-tailed Tailorbird,1
37.5m,morning,Rufous-winged Philentoma,1
37.5m,morning,Savanna Nightjar,1
37.5m,morning,Short-tailed Babbler,1
37.5m,morning,Speckled Piculet,1
37.5m,morning,Spectacled Bulbul,1
450m,evening,Asian Fairy-bluebird,169
450m,evening,Barred Eagle-Owl,156
450m,evening,Changeable Hawk-Eagle,139
450m,evening,Brown Boobook,114
450m,evening,Banded Bay Cuckoo,71
450m,evening,Plaintive Cuckoo,61
450m,evening,Orange-bellied Flowerpecker,54
450m,evening,Common Hill Myna,45
450m,evening,Mangrove Whistler,44
450m,evening,Malaysian Pied-Fantail,33
450m,evening,Sunda Scops-Owl,29
450m,evening,Brown-throated Sunbird,26
450m,evening,Pin-striped Tit-Babbler,23
450m,evening,Black-naped Monarch,21
450m,evening,Banded Woodpecker,17
450m,evening,Black-naped Oriole,13
450m,evening,Sunda Frogmouth,9
450m,evening,Blue-winged Leafbird,7
450m,evening,Brown Wood-Owl,5
450m,evening,Long-tailed Parakeet,5
450m,evening,Olive-backed Sunbird,5
450m,evening,Yellow-vented Bulbul,5
450m,evening,Gray-rumped Treeswift,4
450m,evening,Rufous-collared Kingfisher,4
450m,evening,Shiny Whistling-Thrush,4
450m,evening,Snowy-browed Flycatcher,4
450m,evening,Cream-vented Bulbul,3
450m,evening,Golden-bellied Gerygone,3
450m,evening,Greater Racket-tailed Drongo,3
450m,evening,Large Wren-Babbler,3
450m,evening,Moustached Hawk-Cuckoo,3
450m,evening,Olive-winged Bulbul,3
450m,evening,Blue-crowned Hanging-Parrot,2
450m,evening,Eurasian Curlew,2
450m,evening,Lesser Yellownape,2
450m,evening,Malaysian Rail-babbler,2
450m,evening,Oriental Pied-Hornbill,2
450m,evening,Savanna Nightjar,2
450m,evening,Scarlet-backed Flowerpecker,2
450m,evening,nocall,2
450m,evening,Ashy Minivet,1
450m,evening,Asian Brown Flycatcher,1
450m,evening,Asian Palm-Swift,1
450m,evening,Barn Owl,1
450m,evening,Black-capped Kingfisher,1
450m,evening,Blue-rumped Parrot,1
450m,evening,Blue-winged Pitta,1
450m,evening,Common Iora,1
450m,evening,Copper-throated Sunbird,1
450m,evening,Coppersmith Barbet,1
450m,evening,Crested Serpent-Eagle,1
450m,evening,Crimson Sunbird,1
450m,evening,Dark-necked Tailorbird,1
450m,evening,Fire-breasted Flowerpecker,1
450m,evening,Golden-headed Cisticola,1
450m,evening,Green Imperial-Pigeon,1
450m,evening,Hooded Pitta,1
450m,evening,Large-billed Crow,1
450m,evening,Little Spiderhunter,1
450m,evening,Oriental Bay-Owl,1
450m,evening,Osprey,1
450m,evening,Red-breasted Parakeet,1
450m,evening,Shikra,1
450m,evening,Sunda Warbler,1
450m,morning,Pin-striped Tit-Babbler,2360
450m,morning,Yellow-vented Bulbul,781
450m,morning,Sunda Frogmouth,755
450m,morning,Red-crowned Barbet,734
450m,morning,Barred Eagle-Owl,533
450m,morning,Olive-winged Bulbul,440
450m,morning,Mangrove Whistler,427
450m,morning,Asian Fairy-bluebird,256
450m,morning,Changeable Hawk-Eagle,233
450m,morning,Plaintive Cuckoo,197
450m,morning,Banded Bay Cuckoo,144
450m,morning,Banded Woodpecker,143
450m,morning,Greater Racket-tailed Drongo,105
450m,morning,Orange-bellied Flowerpecker,103
450m,morning,Arctic Warbler,90
450m,morning,Common Hill Myna,75
450m,morning,Dark-necked Tailorbird,43
450m,morning,Black-naped Oriole,41
450m,morning,Malaysian Pied-Fantail,38
450m,morning,Brown-throated Sunbird,37
450m,morning,Blue-winged Pitta,31
450m,morning,Blue-throated Bee-eater,26
450m,morning,Common Flameback,26
450m,morning,Sunda Scops-Owl,22
450m,morning,Brush Cuckoo,21
450m,morning,Long-tailed Parakeet,20
450m,morning,Ashy Tailorbird,18
450m,morning,Hooded Pitta,18
450m,morning,Blue-winged Leafbird,14
450m,morning,Gray-rumped Treeswift,13
450m,morning,Moustached Hawk-Cuckoo,12
450m,morning,Brown Boobook,10
450m,morning,Copper-throated Sunbird,10
450m,morning,Crimson Sunbird,10
450m,morning,Blue-rumped Parrot,9
450m,morning,Common Tailorbird,9
450m,morning,Eastern Crowned Warbler,9
450m,morning,Red-breasted Parakeet,9
450m,morning,Black-naped Monarch,8
450m,morning,Greater Coucal,8
450m,morning,Greater Flameback,7
450m,morning,Olive-backed Sunbird,6
450m,morning,Short-tailed Babbler,6
450m,morning,Little Bronze-Cuckoo,5
450m,morning,Pink-necked Green-Pigeon,5
450m,morning,Red-legged Crake,5
450m,morning,Rufous-tailed Tailorbird,5
450m,morning,Scarlet-breasted Flowerpecker,5
450m,morning,Asian Glossy Starling,4
450m,morning,Gray-headed Woodpecker,4
450m,morning,Asian Koel,3
450m,morning,Black-capped Kingfisher,3
450m,morning,Chestnut-backed Scimitar-Babbler,3
450m,morning,Malaysian Rail-babbler,3
450m,morning,Savanna Nightjar,3
450m,morning,Stork-billed Kingfisher,3
450m,morning,Asian Emerald Dove,2
450m,morning,Blue-eared Barbet,2
450m,morning,Common Green-Magpie,2
450m,morning,Crow-billed Drongo,2
450m,morning,Green Imperial-Pigeon,2
450m,morning,Helmeted Hornbill,2
450m,morning,Red Junglefowl,2
450m,morning,Scarlet-backed Flowerpecker,2
450m,morning,Shikra,2
450m,morning,Wallace's Hawk-Eagle,2
450m,morning,Ashy Drongo,1
450m,morning,Black Magpie,1
450m,morning,Black-crested Bulbul,1
450m,morning,Black-crowned Night-Heron,1
450m,morning,Brown Wood-Owl,1
450m,morning,Buff-necked Woodpecker,1
450m,morning,Common Iora,1
450m,morning,Cream-vented Bulbul,1
450m,morning,Great Eared-Nightjar,1
450m,morning,Large Frogmouth,1
450m,morning,Malayan Banded-Pitta,1
450m,morning,Oriental Pied-Hornbill,1
450m,morning,Ruddy Kingfisher,1
450m,morning,Rufous Woodpecker,1
450m,morning,Rufous-winged Philentoma,1
450m,morning,Slender-billed Crow,1
450m,morning,Snowy-browed Flycatcher,1
450m,morning,Striped Wren-Babbler,1
450m,morning,Van Hasselt's Sunbird,1
450m,morning,White-nest Swiftlet,1
450m,morning,White-rumped Shama,1
50m,evening,Sunda Scops-Owl,25
50m,evening,Arctic Warbler,21
50m,evening,nocall,9
50m,evening,Orange-bellied Flowerpecker,8
50m,evening,Changeable Hawk-Eagle,6
50m,evening,Rock Pigeon,6
50m,evening,Asian Emerald Dove,2
50m,evening,Barred Eagle-Owl,2
50m,evening,Oriental Bay-Owl,2
50m,evening,Slender-billed Crow,2
50m,evening,Brown-throated Sunbird,1
50m,evening,Great-billed Heron,1
50m,evening,Greater Coucal,1
50m,evening,Long-tailed Parakeet,1
50m,evening,Malaysian Pied-Fantail,1
50m,evening,Malaysian Rail-babbler,1
50m,evening,Sunda Frogmouth,1
50m,evening,White-crowned Hornbill,1
50m,morning,Sunda Scops-Owl,2153
50m,morning,Crimson Sunbird,514
50m,morning,Orange-bellied Flowerpecker,429
50m,morning,Arctic Warbler,283
50m,morning,Olive-winged Bulbul,203
50m,morning,Pin-striped Tit-Babbler,142
50m,morning,Dark-necked Tailorbird,48
50m,morning,Brown-throated Sunbird,47
50m,morning,Scarlet-backed Flowerpecker,38
50m,morning,Oriental Bay-Owl,37
50m,morning,Yellow-vented Bulbul,37
50m,morning,Cream-vented Bulbul,31
50m,morning,Sunda Frogmouth,27
50m,morning,Greater Racket-tailed Drongo,24
50m,morning,Large Frogmouth,20
50m,morning,Cinnamon-headed Green-Pigeon,19
50m,morning,Barred Eagle-Owl,18
50m,morning,Common Tailorbird,17
50m,morning,Olive-backed Sunbird,13
50m,morning,Black-naped Monarch,10
50m,morning,Maroon-breasted Philentoma,10
50m,morning,Fire-breasted Flowerpecker,8
50m,morning,Long-tailed Parakeet,7
50m,morning,Asian Glossy Starling,6
50m,morning,Banded Bay Cuckoo,6
50m,morning,Little Spiderhunter,6
50m,morning,Asian Emerald Dove,5
50m,morning,Yellow-breasted Flowerpecker,5
50m,morning,Red-crowned Barbet,4
50m,morning,Yellow-browed Warbler,4
50m,morning,Gray Wagtail,3
50m,morning,Asian Brown Flycatcher,2
50m,morning,Black-capped Kingfisher,2
50m,morning,Blue-winged Leafbird,2
50m,morning,Brown Boobook,2
50m,morning,Brush Cuckoo,2
50m,morning,Changeable Hawk-Eagle,2
50m,morning,Fluffy-backed Tit-Babbler,2
50m,morning,Rock Pigeon,2
50m,morning,Stork-billed Kingfisher,2
50m,morning,Ashy Tailorbird,1
50m,morning,Black Magpie,1
50m,morning,Black-crested Bulbul,1
50m,morning,Blue-crowned Hanging-Parrot,1
50m,morning,Blue-rumped Parrot,1
50m,morning,Blue-throated Bee-eater,1
50m,morning,Brown Wood-Owl,1
50m,morning,Chestnut-winged Babbler,1
50m,morning,Great-billed Heron,1
50m,morning,Green Imperial-Pigeon,1
50m,morning,Horsfield's Babbler,1
50m,morning,Malayan Banded-Pitta,1
50m,morning,Malaysian Pied-Fantail,1
50m,morning,Plaintive Cuckoo,1
50m,morning,Red-breasted Parakeet,1
50m,morning,Rhinoceros Hornbill,1
50m,morning,Rufous-crowned Babbler,1
50m,morning,Rufous-winged Philentoma,1
50m,morning,Savanna Nightjar,1
50m,morning,Snowy-browed Flycatcher,1
50m,morning,Swinhoe's White-eye,1
625m,evening,Barred Eagle-Owl,432
625m,evening,Asian Fairy-bluebird,368
625m,evening,Changeable Hawk-Eagle,74
625m,evening,Orange-bellied Flowerpecker,62
625m,evening,Oriental Bay-Owl,54
625m,evening,Common Hill Myna,44
625m,evening,Sunda Scops-Owl,35
625m,evening,Barn Owl,34
625m,evening,Banded Woodpecker,25
625m,evening,Pin-striped Tit-Babbler,23
625m,evening,Black-capped Kingfisher,16
625m,evening,Malayan Banded-Pitta,13
625m,evening,Plaintive Cuckoo,12
625m,evening,Black-naped Oriole,9
625m,evening,Mangrove Whistler,9
625m,evening,Large Wren-Babbler,7
625m,evening,Slender-billed Crow,7
625m,evening,Brown Boobook,4
625m,evening,Malaysian Rail-babbler,4
625m,evening,Red-crowned Barbet,4
625m,evening,Short-tailed Babbler,4
625m,evening,Crimson Sunbird,3
625m,evening,Greater Racket-tailed Drongo,3
625m,evening,Olive-winged Bulbul,3
625m,evening,Shikra,3
625m,evening,Snowy-browed Flycatcher,3
625m,evening,Sunda Frogmouth,3
625m,evening,Yellow-vented Bulbul,3
625m,evening,Black-and-yellow Broadbill,2
625m,evening,Blue-winged Leafbird,2
625m,evening,Brown-throated Sunbird,2
625m,evening,Long-tailed Parakeet,2
625m,evening,Asian Brown Flycatcher,1
625m,evening,Black-naped Monarch,1
625m,evening,Brush Cuckoo,1
625m,evening,Golden-bellied Gerygone,1
625m,evening,Gray-headed Canary-Flycatcher,1
625m,evening,Gray-rumped Treeswift,1
625m,evening,Malaysian Pied-Fantail,1
625m,evening,Moustached Hawk-Cuckoo,1
625m,evening,Olive-backed Sunbird,1
625m,evening,Osprey,1
625m,evening,Rufous Woodpecker,1
625m,evening,Rufous-collared Kingfisher,1
625m,evening,Savanna Nightjar,1
625m,morning,Asian Fairy-bluebird,1237
625m,morning,Barred Eagle-Owl,778
625m,morning,Olive-winged Bulbul,413
625m,morning,Orange-bellied Flowerpecker,343
625m,morning,Pin-striped Tit-Babbler,256
625m,morning,Mangrove Whistler,231
625m,morning,Yellow-vented Bulbul,228
625m,morning,Sunda Scops-Owl,205
625m,morning,Red-crowned Barbet,183
625m,morning,Sunda Frogmouth,178
625m,morning,Blue-winged Leafbird,175
625m,morning,Greater Racket-tailed Drongo,153
625m,morning,Banded Woodpecker,138
625m,morning,Changeable Hawk-Eagle,115
625m,morning,Dark-necked Tailorbird,80
625m,morning,Brown-throated Sunbird,66
625m,morning,Common Hill Myna,66
625m,morning,Spectacled Bulbul,53
625m,morning,Banded Bay Cuckoo,46
625m,morning,Blue-winged Pitta,34
625m,morning,Cream-vented Bulbul,27
625m,morning,Arctic Warbler,25
625m,morning,Black-naped Oriole,24
625m,morning,Pink-necked Green-Pigeon,23
625m,morning,Crimson Sunbird,19
625m,morning,Asian Glossy Starling,16
625m,morning,Copper-throated Sunbird,16
625m,morning,Malaysian Pied-Fantail,16
625m,morning,Stripe-throated Bulbul,16
625m,morning,Blue-rumped Parrot,15
625m,morning,Snowy-browed Flycatcher,11
625m,morning,Ashy Tailorbird,8
625m,morning,Black-crowned Night-Heron,7
625m,morning,Long-tailed Parakeet,7
625m,morning,Blue-throated Bee-eater,6
625m,morning,Common Flameback,6
625m,morning,Black-capped Kingfisher,5
625m,morning,Indochinese Blue Flycatcher,5
625m,morning,Banded Broadbill,4
625m,morning,Hooded Pitta,4
625m,morning,Malaysian Rail-babbler,4
625m,morning,Red-legged Crake,4
625m,morning,Asian Koel,3
625m,morning,Plaintive Cuckoo,3
625m,morning,Black-crested Bulbul,2
625m,morning,Black-naped Monarch,2
625m,morning,Brown Boobook,2
625m,morning,Dark-throated Oriole,2
625m,morning,Malayan Banded-Pitta,2
625m,morning,Red-breasted Parakeet,2
625m,morning,Ashy Drongo,1
625m,morning,Black-and-white Bulbul,1
625m,morning,Blue-eared Barbet,1
625m,morning,Bronzed Drongo,1
625m,morning,Chestnut-backed Scimitar-Babbler,1
625m,morning,Crimson-winged Woodpecker,1
625m,morning,Gray-headed Woodpecker,1
625m,morning,Gray-rumped Treeswift,1
625m,morning,Great Slaty Woodpecker,1
625m,morning,Greater Flameback,1
625m,morning,Large Frogmouth,1
625m,morning,Mountain Scops-Owl,1
625m,morning,Moustached Hawk-Cuckoo,1
625m,morning,Osprey,1
625m,morning,Reddish Scops-Owl,1
625m,morning,Rufous-tailed Tailorbird,1
625m,morning,Rusty-breasted Wren-Babbler,1
625m,morning,Savanna Nightjar,1
625m,morning,Scarlet-backed Flowerpecker,1
625m,morning,Shiny Whistling-Thrush,1
625m,morning,Short-tailed Babbler,1
625m,morning,Sooty-capped Babbler,1
625m,morning,White-bellied Woodpecker,1
625m,morning,White-chested Babbler,1
800m,evening,Barred Eagle-Owl,407
800m,evening,Asian Fairy-bluebird,285
800m,evening,Brown Boobook,246
800m,evening,Mangrove Whistler,227
800m,evening,Common Hill Myna,119
800m,evening,Sunda Scops-Owl,105
800m,evening,Orange-bellied Flowerpecker,68
800m,evening,Black-naped Oriole,66
800m,evening,Banded Woodpecker,53
800m,evening,Changeable Hawk-Eagle,37
800m,evening,Oriental Bay-Owl,30
800m,evening,Black-capped Kingfisher,18
800m,evening,Dark-necked Tailorbird,14
800m,evening,Malaysian Rail-babbler,12
800m,evening,Yellow-vented Bulbul,12
800m,evening,Copper-throated Sunbird,11
800m,evening,Moustached Hawk-Cuckoo,10
800m,evening,Pin-striped Tit-Babbler,10
800m,evening,Barn Owl,8
800m,evening,Crimson Sunbird,7
800m,evening,Arctic Warbler,6
800m,evening,Scarlet-breasted Flowerpecker,6
800m,evening,White-bellied Woodpecker,6
800m,evening,Golden-headed Cisticola,5
800m,evening,Malaysian Pied-Fantail,5
800m,evening,Asian Emerald Dove,4
800m,evening,Brown-throated Sunbird,4
800m,evening,Scarlet-backed Flowerpecker,4
800m,evening,Black-naped Monarch,3
800m,evening,Blue-winged Leafbird,3
800m,evening,Brown Wood-Owl,3
800m,evening,Olive-winged Bulbul,3
800m,evening,Sunda Frogmouth,3
800m,evening,Ashy Tailorbird,2
800m,evening,Black-backed Dwarf-Kingfisher,2
800m,evening,Blue-winged Pitta,2
800m,evening,Bushy-crested Hornbill,2
800m,evening,Chestnut-winged Babbler,2
800m,evening,Crested Serpent-Eagle,2
800m,evening,Eurasian Curlew,2
800m,evening,Malayan Banded-Pitta,2
800m,evening,Olive-backed Sunbird,2
800m,evening,Asian Glossy Starling,1
800m,evening,Banded Broadbill,1
800m,evening,Black Hornbill,1
800m,evening,Black-and-yellow Broadbill,1
800m,evening,Gould's Frogmouth,1
800m,evening,Gray-rumped Treeswift,1
800m,evening,Greater Racket-tailed Drongo,1
800m,evening,Laced Woodpecker,1
800m,evening,Large Wren-Babbler,1
800m,evening,Long-tailed Parakeet,1
800m,evening,Mangrove Pitta,1
800m,evening,Mountain Scops-Owl,1
800m,evening,Orange-breasted Trogon,1
800m,evening,Osprey,1
800m,evening,Pink-necked Green-Pigeon,1
800m,evening,Plaintive Cuckoo,1
800m,evening,Stork-billed Kingfisher,1
800m,morning,Barred Eagle-Owl,5894
800m,morning,Pin-striped Tit-Babbler,1630
800m,morning,Sunda Scops-Owl,1237
800m,morning,Mangrove Whistler,682
800m,morning,Yellow-vented Bulbul,377
800m,morning,Orange-bellied Flowerpecker,350
800m,morning,Common Hill Myna,348
800m,morning,Sunda Frogmouth,298
800m,morning,Olive-winged Bulbul,195
800m,morning,Asian Fairy-bluebird,184
800m,morning,Dark-necked Tailorbird,157
800m,morning,Black-naped Oriole,131
800m,morning,Ashy Tailorbird,128
800m,morning,Copper-throated Sunbird,127
800m,morning,Changeable Hawk-Eagle,109
800m,morning,Reddish Scops-Owl,84
800m,morning,Crimson Sunbird,72
800m,morning,Arctic Warbler,55
800m,morning,Banded Bay Cuckoo,49
800m,morning,Greater Racket-tailed Drongo,43
800m,morning,Blue-winged Leafbird,40
800m,morning,Banded Woodpecker,24
800m,morning,Brown-throated Sunbird,23
800m,morning,Common Tailorbird,23
800m,morning,Asian Glossy Starling,22
800m,morning,Long-tailed Parakeet,22
800m,morning,Malaysian Pied-Fantail,22
800m,morning,Blue-rumped Parrot,20
800m,morning,Little Spiderhunter,19
800m,morning,Oriental Bay-Owl,15
800m,morning,Little Bronze-Cuckoo,13
800m,morning,Plaintive Cuckoo,13
800m,morning,Eastern Crowned Warbler,12
800m,morning,Brown Boobook,11
800m,morning,Cream-vented Bulbul,10
800m,morning,Hooded Pitta,9
800m,morning,Red-legged Crake,9
800m,morning,Asian Emerald Dove,8
800m,morning,Black-naped Monarch,8
800m,morning,Golden-bellied Gerygone,8
800m,morning,Pink-necked Green-Pigeon,8
800m,morning,Malaysian Rail-babbler,7
800m,morning,Shikra,7
800m,morning,Black-capped Kingfisher,5
800m,morning,Red-breasted Parakeet,5
800m,morning,Scarlet-backed Flowerpecker,5
800m,morning,Blue-winged Pitta,4
800m,morning,Common Green-Magpie,4
800m,morning,Gould's Frogmouth,4
800m,morning,Rufous-tailed Tailorbird,4
800m,morning,White-bellied Woodpecker,4
800m,morning,Moustached Hawk-Cuckoo,3
800m,morning,Yellow-bellied Bulbul,3
800m,morning,Blue-throated Bee-eater,2
800m,morning,Collared Kingfisher,2
800m,morning,Common Flameback,2
800m,morning,Dark-throated Oriole,2
800m,morning,Gray-headed Woodpecker,2
800m,morning,Gray-rumped Treeswift,2
800m,morning,Mangrove Pitta,2
800m,morning,Red-crowned Barbet,2
800m,morning,Short-tailed Babbler,2
800m,morning,Sultan Tit,2
800m,morning,Ashy Drongo,1
800m,morning,Black-backed Dwarf-Kingfisher,1
800m,morning,Black-crested Bulbul,1
800m,morning,Black-crowned Night-Heron,1
800m,morning,Blue-eared Barbet,1
800m,morning,Common Iora,1
800m,morning,Great Argus,1
800m,morning,Osprey,1
800m,morning,Rock Pigeon,1
800m,morning,Scarlet-breasted Flowerpecker,1
800m,morning,Snowy-browed Flycatcher,1
800m,morning,Stripe-throated Bulbul,1
