"Selection	View	Channel	Begin Time (s)	End Time (s)	Low Freq (Hz)	High Freq (Hz)	Common Name	Species Code	Confidence	Begin Path	File Offset (s)"
"1	Spectrogram 1	1	0.0	3.0	0	12000.0	Sunda Frogmouth	sunfro1	0.5438	/Users/jonahgoh/Library/CloudStorage/OneDrive-NationalUniversityofSingapore/Morning_evening audio/Sorted_Audio/625m_12feb_morning/2MA05583_20250212_064702.wav	0.0"
"2	Spectrogram 1	1	3.0	6.0	0	12000.0	Collared Scops-Owl	cosowl1	0.3291	/Users/jonahgoh/Library/CloudStorage/OneDrive-NationalUniversityofSingapore/Morning_evening audio/Sorted_Audio/625m_12feb_morning/2MA05583_20250212_064702.wav	3.0"
"3	Spectrogram 1	1	3.0	6.0	0	12000.0	Sunda Scops-Owl	susowl2	0.2740	/Users/jonahgoh/Library/CloudStorage/OneDrive-NationalUniversityofSingapore/Morning_evening audio/Sorted_Audio/625m_12feb_morning/2MA05583_20250212_064702.wav	3.0"
"4	Spectrogram 1	1	6.0	9.0	0	12000.0	Barred Eagle-Owl	baeowl1	0.6509	/Users/jonahgoh/Library/CloudStorage/OneDrive-NationalUniversityofSingapore/Morning_evening audio/Sorted_Audio/625m_12feb_morning/2MA05583_20250212_064702.wav	6.0"
"5	Spectrogram 1	1	6.0	9.0	0	12000.0	Sunda Frogmouth	sunfro1	0.5454	/Users/jonahgoh/Library/CloudStorage/OneDrive-NationalUniversityofSingapore/Morning_evening audio/Sorted_Audio/625m_12feb_morning/2MA05583_20250212_064702.wav	6.0"
"6	Spectrogram 1	1	6.0	9.0	0	12000.0	Sunda Scops-Owl	susowl2	0.5178	/Users/jonahgoh/Library/CloudStorage/OneDrive-NationalUniversityofSingapore/Morning_evening audio/Sorted_Audio/625m_12feb_morning/2MA05583_20250212_064702.wav	6.0"
"7	Spectrogram 1	1	9.0	12.0	0	12000.0	Sunda Frogmouth	sunfro1	0.3240	/Users/jonahgoh/Library/CloudStorage/OneDrive-NationalUniversityofSingapore/Morning_evening audio/Sorted_Audio/625m_12feb_morning/2MA05583_20250212_064702.wav	9.0"
"8	Spectrogram 1	1	12.0	15.0	0	12000.0	Barred Eagle-Owl	baeowl1	0.2900	/Users/jonahgoh/Library/CloudStorage/OneDrive-NationalUniversityofSingapore/Morning_evening audio/Sorted_Audio/625m_12feb_morning/2MA05583_20250212_064702.wav	12.0"
"9	Spectrogram 1	1	15.0	18.0	0	12000.0	Collared Scops-Owl	cosowl1	0.3731	/Users/jonahgoh/Library/CloudStorage/OneDrive-NationalUniversityofSingapore/Morning_evening audio/Sorted_Audio/625m_12feb_morning/2MA05583_20250212_064702.wav	15.0"
"10	Spectrogram 1	1	15.0	18.0	0	12000.0	Barred Eagle-Owl	baeowl1	0.3597	/Users/jonahgoh/Library/CloudStorage/OneDrive-NationalUniversityofSingapore/Morning_evening audio/Sorted_Audio/625m_12feb_morning/2MA05583_20250212_064702.wav	15.0"
"11	Spectrogram 1	1	18.0	21.0	0	12000.0	Barred Eagle-Owl	baeowl1	0.4192	/Users/jonahgoh/Library/CloudStorage/OneDrive-NationalUniversityofSingapore/Morning_evening audio/Sorted_Audio/625m_12feb_morning/2MA05583_20250212_064702.wav	18.0"
"12	Spectrogram 1	1	33.0	36.0	0	12000.0	Barred Eagle-Owl	baeowl1	0.3980	/Users/jonahgoh/Library/CloudStorage/OneDrive-NationalUniversityofSingapore/Morning_evening audio/Sorted_Audio/625m_12feb_morning/2MA05583_20250212_064702.wav	33.0"
"13	Spectrogram 1	1	36.0	39.0	0	12000.0	Collared Scops-Owl	cosowl1	0.4587	/Users/jonahgoh/Library/CloudStorage/OneDrive-NationalUniversityofSingapore/Morning_evening audio/Sorted_Audio/625m_12feb_morning/2MA05583_20250212_064702.wav	36.0"
"14	Spectrogram 1	1	36.0	39.0	0	12000.0	Sunda Scops-Owl	susowl2	0.2706	/Users/jonahgoh/Library/CloudStorage/OneDrive-NationalUniversityofSingapore/Morning_evening audio/Sorted_Audio/625m_12feb_morning/2MA05583_20250212_064702.wav	36.0"
"15	Spectrogram 1	1	39.0	42.0	0	12000.0	Barred Eagle-Owl	baeowl1	0.3028	/Users/jonahgoh/Library/CloudStorage/OneDrive-NationalUniversityofSingapore/Morning_evening audio/Sorted_Audio/625m_12feb_morning/2MA05583_20250212_064702.wav	39.0"
"16	Spectrogram 1	1	39.0	42.0	0	12000.0	Sunda Frogmouth	sunfro1	0.2708	/Users/jonahgoh/Library/CloudStorage/OneDrive-NationalUniversityofSingapore/Morning_evening audio/Sorted_Audio/625m_12feb_morning/2MA05583_20250212_064702.wav	39.0"
"17	Spectrogram 1	1	45.0	48.0	0	12000.0	Barred Eagle-Owl	baeowl1	0.2997	/Users/jonahgoh/Library/CloudStorage/OneDrive-NationalUniversityofSingapore/Morning_evening audio/Sorted_Audio/625m_12feb_morning/2MA05583_20250212_064702.wav	45.0"
"18	Spectrogram 1	1	48.0	51.0	0	12000.0	Barred Eagle-Owl	baeowl1	0.3458	/Users/jonahgoh/Library/CloudStorage/OneDrive-NationalUniversityofSingapore/Morning_evening audio/Sorted_Audio/625m_12feb_morning/2MA05583_20250212_064702.wav	48.0"
"19	Spectrogram 1	1	51.0	54.0	0	12000.0	Sunda Scops-Owl	susowl2	0.3840	/Users/jonahgoh/Library/CloudStorage/OneDrive-NationalUniversityofSingapore/Morning_evening audio/Sorted_Audio/625m_12feb_morning/2MA05583_20250212_064702.wav	51.0"
"20	Spectrogram 1	1	69.0	72.0	0	12000.0	Barred Eagle-Owl	baeowl1	0.2533	/Users/jonahgoh/Library/CloudStorage/OneDrive-NationalUniversityofSingapore/Morning_evening audio/Sorted_Audio/625m_12feb_morning/2MA05583_20250212_064702.wav	69.0"
"21	Spectrogram 1	1	72.0	75.0	0	12000.0	Barred Eagle-Owl	baeowl1	0.3266	/Users/jonahgoh/Library/CloudStorage/OneDrive-NationalUniversityofSingapore/Morning_evening audio/Sorted_Audio/625m_12feb_morning/2MA05583_20250212_064702.wav	72.0"
"22	Spectrogram 1	1	75.0	78.0	0	12000.0	Barred Eagle-Owl	baeowl1	0.2600	/Users/jonahgoh/Library/CloudStorage/OneDrive-NationalUniversityofSingapore/Morning_evening audio/Sorted_Audio/625m_12feb_morning/2MA05583_20250212_064702.wav	75.0"
"23	Spectrogram 1	1	81.0	84.0	0	12000.0	Collared Scops-Owl	cosowl1	0.3536	/Users/jonahgoh/Library/CloudStorage/OneDrive-NationalUniversityofSingapore/Morning_evening audio/Sorted_Audio/625m_12feb_morning/2MA05583_20250212_064702.wav	81.0"
"24	Spectrogram 1	1	84.0	87.0	0	12000.0	Barred Eagle-Owl	baeowl1	0.4677	/Users/jonahgoh/Library/CloudStorage/OneDrive-NationalUniversityofSingapore/Morning_evening audio/Sorted_Audio/625m_12feb_morning/2MA05583_20250212_064702.wav	84.0"
"25	Spectrogram 1	1	87.0	90.0	0	12000.0	Barred Eagle-Owl	baeowl1	0.3703	/Users/jonahgoh/Library/CloudStorage/OneDrive-NationalUniversityofSingapore/Morning_evening audio/Sorted_Audio/625m_12feb_morning/2MA05583_20250212_064702.wav	87.0"
"26	Spectrogram 1	1	87.0	90.0	0	12000.0	White-fronted Scops-Owl	wfsowl2	0.2618	/Users/jonahgoh/Library/CloudStorage/OneDrive-NationalUniversityofSingapore/Morning_evening audio/Sorted_Audio/625m_12feb_morning/2MA05583_20250212_064702.wav	87.0"
"27	Spectrogram 1	1	90.0	93.0	0	12000.0	Barred Eagle-Owl	baeowl1	0.4243	/Users/jonahgoh/Library/CloudStorage/OneDrive-NationalUniversityofSingapore/Morning_evening audio/Sorted_Audio/625m_12feb_morning/2MA05583_20250212_064702.wav	90.0"
"28	Spectrogram 1	1	93.0	96.0	0	12000.0	Barred Eagle-Owl	baeowl1	0.3175	/Users/jonahgoh/Library/CloudStorage/OneDrive-NationalUniversityofSingapore/Morning_evening audio/Sorted_Audio/625m_12feb_morning/2MA05583_20250212_064702.wav	93.0"
"29	Spectrogram 1	1	93.0	96.0	0	12000.0	Sunda Frogmouth	sunfro1	0.3057	/Users/jonahgoh/Library/CloudStorage/OneDrive-NationalUniversityofSingapore/Morning_evening audio/Sorted_Audio/625m_12feb_morning/2MA05583_20250212_064702.wav	93.0"
"30	Spectrogram 1	1	96.0	99.0	0	12000.0	Barred Eagle-Owl	baeowl1	0.5082	/Users/jonahgoh/Library/CloudStorage/OneDrive-NationalUniversityofSingapore/Morning_evening audio/Sorted_Audio/625m_12feb_morning/2MA05583_20250212_064702.wav	96.0"
"31	Spectrogram 1	1	99.0	102.0	0	12000.0	Barred Eagle-Owl	baeowl1	0.3397	/Users/jonahgoh/Library/CloudStorage/OneDrive-NationalUniversityofSingapore/Morning_evening audio/Sorted_Audio/625m_12feb_morning/2MA05583_20250212_064702.wav	99.0"
"32	Spectrogram 1	1	102.0	105.0	0	12000.0	Barred Eagle-Owl	baeowl1	0.3607	/Users/jonahgoh/Library/CloudStorage/OneDrive-NationalUniversityofSingapore/Morning_evening audio/Sorted_Audio/625m_12feb_morning/2MA05583_20250212_064702.wav	102.0"
"33	Spectrogram 1	1	105.0	108.0	0	12000.0	Barred Eagle-Owl	baeowl1	0.5882	/Users/jonahgoh/Library/CloudStorage/OneDrive-NationalUniversityofSingapore/Morning_evening audio/Sorted_Audio/625m_12feb_morning/2MA05583_20250212_064702.wav	105.0"
"34	Spectrogram 1	1	105.0	108.0	0	12000.0	Sunda Scops-Owl	susowl2	0.3061	/Users/jonahgoh/Library/CloudStorage/OneDrive-NationalUniversityofSingapore/Morning_evening audio/Sorted_Audio/625m_12feb_morning/2MA05583_20250212_064702.wav	105.0"
"35	Spectrogram 1	1	108.0	111.0	0	12000.0	Barred Eagle-Owl	baeowl1	0.3112	/Users/jonahgoh/Library/CloudStorage/OneDrive-NationalUniversityofSingapore/Morning_evening audio/Sorted_Audio/625m_12feb_morning/2MA05583_20250212_064702.wav	108.0"
"36	Spectrogram 1	1	114.0	117.0	0	12000.0	Barred Eagle-Owl	baeowl1	0.4820	/Users/jonahgoh/Library/CloudStorage/OneDrive-NationalUniversityofSingapore/Morning_evening audio/Sorted_Audio/625m_12feb_morning/2MA05583_20250212_064702.wav	114.0"
"37	Spectrogram 1	1	117.0	120.0	0	12000.0	Luzon Boobook	phihao1	0.2581	/Users/jonahgoh/Library/CloudStorage/OneDrive-NationalUniversityofSingapore/Morning_evening audio/Sorted_Audio/625m_12feb_morning/2MA05583_20250212_064702.wav	117.0"
"38	Spectrogram 1	1	120.0	123.0	0	12000.0	Barred Eagle-Owl	baeowl1	0.3614	/Users/jonahgoh/Library/CloudStorage/OneDrive-NationalUniversityofSingapore/Morning_evening audio/Sorted_Audio/625m_12feb_morning/2MA05583_20250212_064702.wav	120.0"
"39	Spectrogram 1	1	123.0	126.0	0	12000.0	Barred Eagle-Owl	baeowl1	0.3699	/Users/jonahgoh/Library/CloudStorage/OneDrive-NationalUniversityofSingapore/Morning_evening audio/Sorted_Audio/625m_12feb_morning/2MA05583_20250212_064702.wav	123.0"
"40	Spectrogram 1	1	123.0	126.0	0	12000.0	Sunda Scops-Owl	susowl2	0.2538	/Users/jonahgoh/Library/CloudStorage/OneDrive-NationalUniversityofSingapore/Morning_evening audio/Sorted_Audio/625m_12feb_morning/2MA05583_20250212_064702.wav	123.0"
"41	Spectrogram 1	1	126.0	129.0	0	12000.0	Collared Scops-Owl	cosowl1	0.3997	/Users/jonahgoh/Library/CloudStorage/OneDrive-NationalUniversityofSingapore/Morning_evening audio/Sorted_Audio/625m_12feb_morning/2MA05583_20250212_064702.wav	126.0"
"42	Spectrogram 1	1	129.0	132.0	0	12000.0	Barred Eagle-Owl	baeowl1	0.5855	/Users/jonahgoh/Library/CloudStorage/OneDrive-NationalUniversityofSingapore/Morning_evening audio/Sorted_Audio/625m_12feb_morning/2MA05583_20250212_064702.wav	129.0"
"43	Spectrogram 1	1	129.0	132.0	0	12000.0	Sunda Scops-Owl	susowl2	0.2662	/Users/jonahgoh/Library/CloudStorage/OneDrive-NationalUniversityofSingapore/Morning_evening audio/Sorted_Audio/625m_12feb_morning/2MA05583_20250212_064702.wav	129.0"
"44	Spectrogram 1	1	132.0	135.0	0	12000.0	Barred Eagle-Owl	baeowl1	0.4762	/Users/jonahgoh/Library/CloudStorage/OneDrive-NationalUniversityofSingapore/Morning_evening audio/Sorted_Audio/625m_12feb_morning/2MA05583_20250212_064702.wav	132.0"
"45	Spectrogram 1	1	135.0	138.0	0	12000.0	Sunda Scops-Owl	susowl2	0.2862	/Users/jonahgoh/Library/CloudStorage/OneDrive-NationalUniversityofSingapore/Morning_evening audio/Sorted_Audio/625m_12feb_morning/2MA05583_20250212_064702.wav	135.0"
"46	Spectrogram 1	1	138.0	141.0	0	12000.0	Barred Eagle-Owl	baeowl1	0.3333	/Users/jonahgoh/Library/CloudStorage/OneDrive-NationalUniversityofSingapore/Morning_evening audio/Sorted_Audio/625m_12feb_morning/2MA05583_20250212_064702.wav	138.0"
"47	Spectrogram 1	1	147.0	150.0	0	12000.0	Luzon Boobook	phihao1	0.6902	/Users/jonahgoh/Library/CloudStorage/OneDrive-NationalUniversityofSingapore/Morning_evening audio/Sorted_Audio/625m_12feb_morning/2MA05583_20250212_064702.wav	147.0"
"48	Spectrogram 1	1	150.0	153.0	0	12000.0	Changeable Hawk-Eagle	y00839	0.3467	/Users/jonahgoh/Library/CloudStorage/OneDrive-NationalUniversityofSingapore/Morning_evening audio/Sorted_Audio/625m_12feb_morning/2MA05583_20250212_064702.wav	150.0"
"49	Spectrogram 1	1	153.0	156.0	0	12000.0	Changeable Hawk-Eagle	y00839	0.3351	/Users/jonahgoh/Library/CloudStorage/OneDrive-NationalUniversityofSingapore/Morning_evening audio/Sorted_Audio/625m_12feb_morning/2MA05583_20250212_064702.wav	153.0"
"50	Spectrogram 1	1	156.0	159.0	0	12000.0	Changeable Hawk-Eagle	y00839	0.8668	/Users/jonahgoh/Library/CloudStorage/OneDrive-NationalUniversityofSingapore/Morning_evening audio/Sorted_Audio/625m_12feb_morning/2MA05583_20250212_064702.wav	156.0"
"51	Spectrogram 1	1	168.0	171.0	0	12000.0	Changeable Hawk-Eagle	y00839	0.7790	/Users/jonahgoh/Library/CloudStorage/OneDrive-NationalUniversityofSingapore/Morning_evening audio/Sorted_Audio/625m_12feb_morning/2MA05583_20250212_064702.wav	168.0"
"52	Spectrogram 1	1	171.0	174.0	0	12000.0	Sunda Scops-Owl	susowl2	0.3670	/Users/jonahgoh/Library/CloudStorage/OneDrive-NationalUniversityofSingapore/Morning_evening audio/Sorted_Audio/625m_12feb_morning/2MA05583_20250212_064702.wav	171.0"
"53	Spectrogram 1	1	177.0	180.0	0	12000.0	Barred Eagle-Owl	baeowl1	0.3781	/Users/jonahgoh/Library/CloudStorage/OneDrive-NationalUniversityofSingapore/Morning_evening audio/Sorted_Audio/625m_12feb_morning/2MA05583_20250212_064702.wav	177.0"
"54	Spectrogram 1	1	177.0	180.0	0	12000.0	Sunda Scops-Owl	susowl2	0.2518	/Users/jonahgoh/Library/CloudStorage/OneDrive-NationalUniversityofSingapore/Morning_evening audio/Sorted_Audio/625m_12feb_morning/2MA05583_20250212_064702.wav	177.0"
"55	Spectrogram 1	1	180.0	183.0	0	12000.0	Barred Eagle-Owl	baeowl1	0.5389	/Users/jonahgoh/Library/CloudStorage/OneDrive-NationalUniversityofSingapore/Morning_evening audio/Sorted_Audio/625m_12feb_morning/2MA05583_20250212_064702.wav	180.0"
"56	Spectrogram 1	1	180.0	183.0	0	12000.0	Sunda Frogmouth	sunfro1	0.3434	/Users/jonahgoh/Library/CloudStorage/OneDrive-NationalUniversityofSingapore/Morning_evening audio/Sorted_Audio/625m_12feb_morning/2MA05583_20250212_064702.wav	180.0"
"57	Spectrogram 1	1	183.0	186.0	0	12000.0	Sunda Scops-Owl	susowl2	0.4990	/Users/jonahgoh/Library/CloudStorage/OneDrive-NationalUniversityofSingapore/Morning_evening audio/Sorted_Audio/625m_12feb_morning/2MA05583_20250212_064702.wav	183.0"
"58	Spectrogram 1	1	186.0	189.0	0	12000.0	Barred Eagle-Owl	baeowl1	0.5650	/Users/jonahgoh/Library/CloudStorage/OneDrive-NationalUniversityofSingapore/Morning_evening audio/Sorted_Audio/625m_12feb_morning/2MA05583_20250212_064702.wav	186.0"
"59	Spectrogram 1	1	186.0	189.0	0	12000.0	Sunda Scops-Owl	susowl2	0.4687	/Users/jonahgoh/Library/CloudStorage/OneDrive-NationalUniversityofSingapore/Morning_evening audio/Sorted_Audio/625m_12feb_morning/2MA05583_20250212_064702.wav	186.0"
"60	Spectrogram 1	1	189.0	192.0	0	12000.0	Barred Eagle-Owl	baeowl1	0.4292	/Users/jonahgoh/Library/CloudStorage/OneDrive-NationalUniversityofSingapore/Morning_evening audio/Sorted_Audio/625m_12feb_morning/2MA05583_20250212_064702.wav	189.0"
"61	Spectrogram 1	1	192.0	195.0	0	12000.0	Barred Eagle-Owl	baeowl1	0.4714	/Users/jonahgoh/Library/CloudStorage/OneDrive-NationalUniversityofSingapore/Morning_evening audio/Sorted_Audio/625m_12feb_morning/2MA05583_20250212_064702.wav	192.0"
"62	Spectrogram 1	1	192.0	195.0	0	12000.0	Sunda Scops-Owl	susowl2	0.2731	/Users/jonahgoh/Library/CloudStorage/OneDrive-NationalUniversityofSingapore/Morning_evening audio/Sorted_Audio/625m_12feb_morning/2MA05583_20250212_064702.wav	192.0"
"63	Spectrogram 1	1	201.0	204.0	0	12000.0	Barred Eagle-Owl	baeowl1	0.3421	/Users/jonahgoh/Library/CloudStorage/OneDrive-NationalUniversityofSingapore/Morning_evening audio/Sorted_Audio/625m_12feb_morning/2MA05583_20250212_064702.wav	201.0"
"64	Spectrogram 1	1	213.0	216.0	0	12000.0	Sunda Scops-Owl	susowl2	0.7119	/Users/jonahgoh/Library/CloudStorage/OneDrive-NationalUniversityofSingapore/Morning_evening audio/Sorted_Audio/625m_12feb_morning/2MA05583_20250212_064702.wav	213.0"
"65	Spectrogram 1	1	216.0	219.0	0	12000.0	Sunda Scops-Owl	susowl2	0.4200	/Users/jonahgoh/Library/CloudStorage/OneDrive-NationalUniversityofSingapore/Morning_evening audio/Sorted_Audio/625m_12feb_morning/2MA05583_20250212_064702.wav	216.0"
"66	Spectrogram 1	1	216.0	219.0	0	12000.0	Barred Eagle-Owl	baeowl1	0.2617	/Users/jonahgoh/Library/CloudStorage/OneDrive-NationalUniversityofSingapore/Morning_evening audio/Sorted_Audio/625m_12feb_morning/2MA05583_20250212_064702.wav	216.0"
"67	Spectrogram 1	1	219.0	222.0	0	12000.0	Barred Eagle-Owl	baeowl1	0.5993	/Users/jonahgoh/Library/CloudStorage/OneDrive-NationalUniversityofSingapore/Morning_evening audio/Sorted_Audio/625m_12feb_morning/2MA05583_20250212_064702.wav	219.0"
"68	Spectrogram 1	1	219.0	222.0	0	12000.0	Sunda Scops-Owl	susowl2	0.5641	/Users/jonahgoh/Library/CloudStorage/OneDrive-NationalUniversityofSingapore/Morning_evening audio/Sorted_Audio/625m_12feb_morning/2MA05583_20250212_064702.wav	219.0"
"69	Spectrogram 1	1	219.0	222.0	0	12000.0	Sunda Frogmouth	sunfro1	0.2912	/Users/jonahgoh/Library/CloudStorage/OneDrive-NationalUniversityofSingapore/Morning_evening audio/Sorted_Audio/625m_12feb_morning/2MA05583_20250212_064702.wav	219.0"
"70	Spectrogram 1	1	222.0	225.0	0	12000.0	Barred Eagle-Owl	baeowl1	0.3965	/Users/jonahgoh/Library/CloudStorage/OneDrive-NationalUniversityofSingapore/Morning_evening audio/Sorted_Audio/625m_12feb_morning/2MA05583_20250212_064702.wav	222.0"
"71	Spectrogram 1	1	225.0	228.0	0	12000.0	Sunda Scops-Owl	susowl2	0.3135	/Users/jonahgoh/Library/CloudStorage/OneDrive-NationalUniversityofSingapore/Morning_evening audio/Sorted_Audio/625m_12feb_morning/2MA05583_20250212_064702.wav	225.0"
"72	Spectrogram 1	1	228.0	231.0	0	12000.0	Sunda Scops-Owl	susowl2	0.2763	/Users/jonahgoh/Library/CloudStorage/OneDrive-NationalUniversityofSingapore/Morning_evening audio/Sorted_Audio/625m_12feb_morning/2MA05583_20250212_064702.wav	228.0"
"73	Spectrogram 1	1	231.0	234.0	0	12000.0	Sunda Scops-Owl	susowl2	0.9101	/Users/jonahgoh/Library/CloudStorage/OneDrive-NationalUniversityofSingapore/Morning_evening audio/Sorted_Audio/625m_12feb_morning/2MA05583_20250212_064702.wav	231.0"
"74	Spectrogram 1	1	231.0	234.0	0	12000.0	Barred Eagle-Owl	baeowl1	0.5635	/Users/jonahgoh/Library/CloudStorage/OneDrive-NationalUniversityofSingapore/Morning_evening audio/Sorted_Audio/625m_12feb_morning/2MA05583_20250212_064702.wav	231.0"
"75	Spectrogram 1	1	234.0	237.0	0	12000.0	Sunda Scops-Owl	susowl2	0.4426	/Users/jonahgoh/Library/CloudStorage/OneDrive-NationalUniversityofSingapore/Morning_evening audio/Sorted_Audio/625m_12feb_morning/2MA05583_20250212_064702.wav	234.0"
"76	Spectrogram 1	1	237.0	240.0	0	12000.0	Barred Eagle-Owl	baeowl1	0.4110	/Users/jonahgoh/Library/CloudStorage/OneDrive-NationalUniversityofSingapore/Morning_evening audio/Sorted_Audio/625m_12feb_morning/2MA05583_20250212_064702.wav	237.0"
"77	Spectrogram 1	1	237.0	240.0	0	12000.0	Sunda Frogmouth	sunfro1	0.2963	/Users/jonahgoh/Library/CloudStorage/OneDrive-NationalUniversityofSingapore/Morning_evening audio/Sorted_Audio/625m_12feb_morning/2MA05583_20250212_064702.wav	237.0"
"78	Spectrogram 1	1	246.0	249.0	0	12000.0	Sunda Scops-Owl	susowl2	0.3941	/Users/jonahgoh/Library/CloudStorage/OneDrive-NationalUniversityofSingapore/Morning_evening audio/Sorted_Audio/625m_12feb_morning/2MA05583_20250212_064702.wav	246.0"
"79	Spectrogram 1	1	246.0	249.0	0	12000.0	Barred Eagle-Owl	baeowl1	0.3065	/Users/jonahgoh/Library/CloudStorage/OneDrive-NationalUniversityofSingapore/Morning_evening audio/Sorted_Audio/625m_12feb_morning/2MA05583_20250212_064702.wav	246.0"
"80	Spectrogram 1	1	249.0	252.0	0	12000.0	Sunda Scops-Owl	susowl2	0.3403	/Users/jonahgoh/Library/CloudStorage/OneDrive-NationalUniversityofSingapore/Morning_evening audio/Sorted_Audio/625m_12feb_morning/2MA05583_20250212_064702.wav	249.0"
"81	Spectrogram 1	1	249.0	252.0	0	12000.0	Luzon Boobook	phihao1	0.2560	/Users/jonahgoh/Library/CloudStorage/OneDrive-NationalUniversityofSingapore/Morning_evening audio/Sorted_Audio/625m_12feb_morning/2MA05583_20250212_064702.wav	249.0"
"82	Spectrogram 1	1	261.0	264.0	0	12000.0	Barred Eagle-Owl	baeowl1	0.2557	/Users/jonahgoh/Library/CloudStorage/OneDrive-NationalUniversityofSingapore/Morning_evening audio/Sorted_Audio/625m_12feb_morning/2MA05583_20250212_064702.wav	261.0"
"83	Spectrogram 1	1	264.0	267.0	0	12000.0	Barred Eagle-Owl	baeowl1	0.3291	/Users/jonahgoh/Library/CloudStorage/OneDrive-NationalUniversityofSingapore/Morning_evening audio/Sorted_Audio/625m_12feb_morning/2MA05583_20250212_064702.wav	264.0"
"84	Spectrogram 1	1	267.0	270.0	0	12000.0	Sunda Scops-Owl	susowl2	0.5329	/Users/jonahgoh/Library/CloudStorage/OneDrive-NationalUniversityofSingapore/Morning_evening audio/Sorted_Audio/625m_12feb_morning/2MA05583_20250212_064702.wav	267.0"
"85	Spectrogram 1	1	276.0	279.0	0	12000.0	Sunda Scops-Owl	susowl2	0.6972	/Users/jonahgoh/Library/CloudStorage/OneDrive-NationalUniversityofSingapore/Morning_evening audio/Sorted_Audio/625m_12feb_morning/2MA05583_20250212_064702.wav	276.0"
"86	Spectrogram 1	1	282.0	285.0	0	12000.0	Sunda Scops-Owl	susowl2	0.4177	/Users/jonahgoh/Library/CloudStorage/OneDrive-NationalUniversityofSingapore/Morning_evening audio/Sorted_Audio/625m_12feb_morning/2MA05583_20250212_064702.wav	282.0"
"87	Spectrogram 1	1	285.0	288.0	0	12000.0	Sunda Scops-Owl	susowl2	0.3975	/Users/jonahgoh/Library/CloudStorage/OneDrive-NationalUniversityofSingapore/Morning_evening audio/Sorted_Audio/625m_12feb_morning/2MA05583_20250212_064702.wav	285.0"
"88	Spectrogram 1	1	285.0	288.0	0	12000.0	Collared Scops-Owl	cosowl1	0.2543	/Users/jonahgoh/Library/CloudStorage/OneDrive-NationalUniversityofSingapore/Morning_evening audio/Sorted_Audio/625m_12feb_morning/2MA05583_20250212_064702.wav	285.0"
"89	Spectrogram 1	1	288.0	291.0	0	12000.0	Sunda Scops-Owl	susowl2	0.4612	/Users/jonahgoh/Library/CloudStorage/OneDrive-NationalUniversityofSingapore/Morning_evening audio/Sorted_Audio/625m_12feb_morning/2MA05583_20250212_064702.wav	288.0"
"90	Spectrogram 1	1	288.0	291.0	0	12000.0	Barred Eagle-Owl	baeowl1	0.3950	/Users/jonahgoh/Library/CloudStorage/OneDrive-NationalUniversityofSingapore/Morning_evening audio/Sorted_Audio/625m_12feb_morning/2MA05583_20250212_064702.wav	288.0"
"91	Spectrogram 1	1	291.0	294.0	0	12000.0	Sunda Scops-Owl	susowl2	0.2502	/Users/jonahgoh/Library/CloudStorage/OneDrive-NationalUniversityofSingapore/Morning_evening audio/Sorted_Audio/625m_12feb_morning/2MA05583_20250212_064702.wav	291.0"
"92	Spectrogram 1	1	297.0	300.0	0	12000.0	Sunda Scops-Owl	susowl2	0.2514	/Users/jonahgoh/Library/CloudStorage/OneDrive-NationalUniversityofSingapore/Morning_evening audio/Sorted_Audio/625m_12feb_morning/2MA05583_20250212_064702.wav	297.0"
"93	Spectrogram 1	1	306.0	309.0	0	12000.0	Barred Eagle-Owl	baeowl1	0.3639	/Users/jonahgoh/Library/CloudStorage/OneDrive-NationalUniversityofSingapore/Morning_evening audio/Sorted_Audio/625m_12feb_morning/2MA05583_20250212_064702.wav	306.0"
"94	Spectrogram 1	1	306.0	309.0	0	12000.0	Sunda Frogmouth	sunfro1	0.2978	/Users/jonahgoh/Library/CloudStorage/OneDrive-NationalUniversityofSingapore/Morning_evening audio/Sorted_Audio/625m_12feb_morning/2MA05583_20250212_064702.wav	306.0"
"95	Spectrogram 1	1	318.0	321.0	0	12000.0	Barred Eagle-Owl	baeowl1	0.4939	/Users/jonahgoh/Library/CloudStorage/OneDrive-NationalUniversityofSingapore/Morning_evening audio/Sorted_Audio/625m_12feb_morning/2MA05583_20250212_064702.wav	318.0"
"96	Spectrogram 1	1	318.0	321.0	0	12000.0	Sunda Scops-Owl	susowl2	0.3435	/Users/jonahgoh/Library/CloudStorage/OneDrive-NationalUniversityofSingapore/Morning_evening audio/Sorted_Audio/625m_12feb_morning/2MA05583_20250212_064702.wav	318.0"
"97	Spectrogram 1	1	321.0	324.0	0	12000.0	Barred Eagle-Owl	baeowl1	0.6059	/Users/jonahgoh/Library/CloudStorage/OneDrive-NationalUniversityofSingapore/Morning_evening audio/Sorted_Audio/625m_12feb_morning/2MA05583_20250212_064702.wav	321.0"
"98	Spectrogram 1	1	321.0	324.0	0	12000.0	Sunda Scops-Owl	susowl2	0.3234	/Users/jonahgoh/Library/CloudStorage/OneDrive-NationalUniversityofSingapore/Morning_evening audio/Sorted_Audio/625m_12feb_morning/2MA05583_20250212_064702.wav	321.0"
"99	Spectrogram 1	1	324.0	327.0	0	12000.0	Barred Eagle-Owl	baeowl1	0.4777	/Users/jonahgoh/Library/CloudStorage/OneDrive-NationalUniversityofSingapore/Morning_evening audio/Sorted_Audio/625m_12feb_morning/2MA05583_20250212_064702.wav	324.0"
"100	Spectrogram 1	1	324.0	327.0	0	12000.0	Sunda Frogmouth	sunfro1	0.4288	/Users/jonahgoh/Library/CloudStorage/OneDrive-NationalUniversityofSingapore/Morning_evening audio/Sorted_Audio/625m_12feb_morning/2MA05583_20250212_064702.wav	324.0"
"101	Spectrogram 1	1	348.0	351.0	0	12000.0	Barred Eagle-Owl	baeowl1	0.2575	/Users/jonahgoh/Library/CloudStorage/OneDrive-NationalUniversityofSingapore/Morning_evening audio/Sorted_Audio/625m_12feb_morning/2MA05583_20250212_064702.wav	348.0"
"102	Spectrogram 1	1	354.0	357.0	0	12000.0	Barred Eagle-Owl	baeowl1	0.3385	/Users/jonahgoh/Library/CloudStorage/OneDrive-NationalUniversityofSingapore/Morning_evening audio/Sorted_Audio/625m_12feb_morning/2MA05583_20250212_064702.wav	354.0"
"103	Spectrogram 1	1	357.0	360.0	0	12000.0	Barred Eagle-Owl	baeowl1	0.5590	/Users/jonahgoh/Library/CloudStorage/OneDrive-NationalUniversityofSingapore/Morning_evening audio/Sorted_Audio/625m_12feb_morning/2MA05583_20250212_064702.wav	357.0"
"104	Spectrogram 1	1	360.0	363.0	0	12000.0	Barred Eagle-Owl	baeowl1	0.2630	/Users/jonahgoh/Library/CloudStorage/OneDrive-NationalUniversityofSingapore/Morning_evening audio/Sorted_Audio/625m_12feb_morning/2MA05583_20250212_064702.wav	360.0"
"105	Spectrogram 1	1	363.0	366.0	0	12000.0	Barred Eagle-Owl	baeowl1	0.7613	/Users/jonahgoh/Library/CloudStorage/OneDrive-NationalUniversityofSingapore/Morning_evening audio/Sorted_Audio/625m_12feb_morning/2MA05583_20250212_064702.wav	363.0"
"106	Spectrogram 1	1	363.0	366.0	0	12000.0	Sunda Scops-Owl	susowl2	0.4464	/Users/jonahgoh/Library/CloudStorage/OneDrive-NationalUniversityofSingapore/Morning_evening audio/Sorted_Audio/625m_12feb_morning/2MA05583_20250212_064702.wav	363.0"
"107	Spectrogram 1	1	366.0	369.0	0	12000.0	Barred Eagle-Owl	baeowl1	0.7682	/Users/jonahgoh/Library/CloudStorage/OneDrive-NationalUniversityofSingapore/Morning_evening audio/Sorted_Audio/625m_12feb_morning/2MA05583_20250212_064702.wav	366.0"
"108	Spectrogram 1	1	366.0	369.0	0	12000.0	Sunda Scops-Owl	susowl2	0.2962	/Users/jonahgoh/Library/CloudStorage/OneDrive-NationalUniversityofSingapore/Morning_evening audio/Sorted_Audio/625m_12feb_morning/2MA05583_20250212_064702.wav	366.0"
"109	Spectrogram 1	1	372.0	375.0	0	12000.0	Sunda Scops-Owl	susowl2	0.4372	/Users/jonahgoh/Library/CloudStorage/OneDrive-NationalUniversityofSingapore/Morning_evening audio/Sorted_Audio/625m_12feb_morning/2MA05583_20250212_064702.wav	372.0"
"110	Spectrogram 1	1	375.0	378.0	0	12000.0	Barred Eagle-Owl	baeowl1	0.4686	/Users/jonahgoh/Library/CloudStorage/OneDrive-NationalUniversityofSingapore/Morning_evening audio/Sorted_Audio/625m_12feb_morning/2MA05583_20250212_064702.wav	375.0"
"111	Spectrogram 1	1	375.0	378.0	0	12000.0	Sunda Frogmouth	sunfro1	0.3853	/Users/jonahgoh/Library/CloudStorage/OneDrive-NationalUniversityofSingapore/Morning_evening audio/Sorted_Audio/625m_12feb_morning/2MA05583_20250212_064702.wav	375.0"
"112	Spectrogram 1	1	378.0	381.0	0	12000.0	Asian Fairy-bluebird	asfblu1	0.3643	/Users/jonahgoh/Library/CloudStorage/OneDrive-NationalUniversityofSingapore/Morning_evening audio/Sorted_Audio/625m_12feb_morning/2MA05583_20250212_064702.wav	378.0"
"113	Spectrogram 1	1	387.0	390.0	0	12000.0	Asian Fairy-bluebird	asfblu1	0.3293	/Users/jonahgoh/Library/CloudStorage/OneDrive-NationalUniversityofSingapore/Morning_evening audio/Sorted_Audio/625m_12feb_morning/2MA05583_20250212_064702.wav	387.0"
"114	Spectrogram 1	1	390.0	393.0	0	12000.0	Barred Eagle-Owl	baeowl1	0.5145	/Users/jonahgoh/Library/CloudStorage/OneDrive-NationalUniversityofSingapore/Morning_evening audio/Sorted_Audio/625m_12feb_morning/2MA05583_20250212_064702.wav	390.0"
"115	Spectrogram 1	1	390.0	393.0	0	12000.0	Sunda Frogmouth	sunfro1	0.3420	/Users/jonahgoh/Library/CloudStorage/OneDrive-NationalUniversityofSingapore/Morning_evening audio/Sorted_Audio/625m_12feb_morning/2MA05583_20250212_064702.wav	390.0"
"116	Spectrogram 1	1	399.0	402.0	0	12000.0	Asian Fairy-bluebird	asfblu1	0.2785	/Users/jonahgoh/Library/CloudStorage/OneDrive-NationalUniversityofSingapore/Morning_evening audio/Sorted_Audio/625m_12feb_morning/2MA05583_20250212_064702.wav	399.0"
"117	Spectrogram 1	1	417.0	420.0	0	12000.0	Barred Eagle-Owl	baeowl1	0.4303	/Users/jonahgoh/Library/CloudStorage/OneDrive-NationalUniversityofSingapore/Morning_evening audio/Sorted_Audio/625m_12feb_morning/2MA05583_20250212_064702.wav	417.0"
"118	Spectrogram 1	1	438.0	441.0	0	12000.0	Barred Eagle-Owl	baeowl1	0.4471	/Users/jonahgoh/Library/CloudStorage/OneDrive-NationalUniversityofSingapore/Morning_evening audio/Sorted_Audio/625m_12feb_morning/2MA05583_20250212_064702.wav	438.0"
"119	Spectrogram 1	1	441.0	444.0	0	12000.0	Barred Eagle-Owl	baeowl1	0.2901	/Users/jonahgoh/Library/CloudStorage/OneDrive-NationalUniversityofSingapore/Morning_evening audio/Sorted_Audio/625m_12feb_morning/2MA05583_20250212_064702.wav	441.0"
"120	Spectrogram 1	1	444.0	447.0	0	12000.0	Barred Eagle-Owl	baeowl1	0.3294	/Users/jonahgoh/Library/CloudStorage/OneDrive-NationalUniversityofSingapore/Morning_evening audio/Sorted_Audio/625m_12feb_morning/2MA05583_20250212_064702.wav	444.0"
"121	Spectrogram 1	1	510.0	513.0	0	12000.0	Sunda Scops-Owl	susowl2	0.2538	/Users/jonahgoh/Library/CloudStorage/OneDrive-NationalUniversityofSingapore/Morning_evening audio/Sorted_Audio/625m_12feb_morning/2MA05583_20250212_064702.wav	510.0"
"122	Spectrogram 1	1	561.0	564.0	0	12000.0	Barred Eagle-Owl	baeowl1	0.6675	/Users/jonahgoh/Library/CloudStorage/OneDrive-NationalUniversityofSingapore/Morning_evening audio/Sorted_Audio/625m_12feb_morning/2MA05583_20250212_064702.wav	561.0"
"123	Spectrogram 1	1	561.0	564.0	0	12000.0	Sunda Frogmouth	sunfro1	0.2995	/Users/jonahgoh/Library/CloudStorage/OneDrive-NationalUniversityofSingapore/Morning_evening audio/Sorted_Audio/625m_12feb_morning/2MA05583_20250212_064702.wav	561.0"
"124	Spectrogram 1	1	576.0	579.0	0	12000.0	Barred Eagle-Owl	baeowl1	0.2914	/Users/jonahgoh/Library/CloudStorage/OneDrive-NationalUniversityofSingapore/Morning_evening audio/Sorted_Audio/625m_12feb_morning/2MA05583_20250212_064702.wav	576.0"
"125	Spectrogram 1	1	591.0	594.0	0	12000.0	Barred Eagle-Owl	baeowl1	0.2669	/Users/jonahgoh/Library/CloudStorage/OneDrive-NationalUniversityofSingapore/Morning_evening audio/Sorted_Audio/625m_12feb_morning/2MA05583_20250212_064702.wav	591.0"
"126	Spectrogram 1	1	615.0	618.0	0	12000.0	Barred Eagle-Owl	baeowl1	0.3354	/Users/jonahgoh/Library/CloudStorage/OneDrive-NationalUniversityofSingapore/Morning_evening audio/Sorted_Audio/625m_12feb_morning/2MA05583_20250212_064702.wav	615.0"
"127	Spectrogram 1	1	627.0	630.0	0	12000.0	Barred Eagle-Owl	baeowl1	0.4031	/Users/jonahgoh/Library/CloudStorage/OneDrive-NationalUniversityofSingapore/Morning_evening audio/Sorted_Audio/625m_12feb_morning/2MA05583_20250212_064702.wav	627.0"
"128	Spectrogram 1	1	642.0	645.0	0	12000.0	Sunda Frogmouth	sunfro1	0.2709	/Users/jonahgoh/Library/CloudStorage/OneDrive-NationalUniversityofSingapore/Morning_evening audio/Sorted_Audio/625m_12feb_morning/2MA05583_20250212_064702.wav	642.0"
"129	Spectrogram 1	1	660.0	663.0	0	12000.0	Sunda Frogmouth	sunfro1	0.6226	/Users/jonahgoh/Library/CloudStorage/OneDrive-NationalUniversityofSingapore/Morning_evening audio/Sorted_Audio/625m_12feb_morning/2MA05583_20250212_064702.wav	660.0"
"130	Spectrogram 1	1	678.0	681.0	0	12000.0	Sunda Frogmouth	sunfro1	0.2725	/Users/jonahgoh/Library/CloudStorage/OneDrive-NationalUniversityofSingapore/Morning_evening audio/Sorted_Audio/625m_12feb_morning/2MA05583_20250212_064702.wav	678.0"
"131	Spectrogram 1	1	681.0	684.0	0	12000.0	Sunda Frogmouth	sunfro1	0.3811	/Users/jonahgoh/Library/CloudStorage/OneDrive-NationalUniversityofSingapore/Morning_evening audio/Sorted_Audio/625m_12feb_morning/2MA05583_20250212_064702.wav	681.0"
"132	Spectrogram 1	1	696.0	699.0	0	12000.0	Sunda Frogmouth	sunfro1	0.4322	/Users/jonahgoh/Library/CloudStorage/OneDrive-NationalUniversityofSingapore/Morning_evening audio/Sorted_Audio/625m_12feb_morning/2MA05583_20250212_064702.wav	696.0"
"133	Spectrogram 1	1	756.0	759.0	0	12000.0	Sunda Frogmouth	sunfro1	0.3201	/Users/jonahgoh/Library/CloudStorage/OneDrive-NationalUniversityofSingapore/Morning_evening audio/Sorted_Audio/625m_12feb_morning/2MA05583_20250212_064702.wav	756.0"
"134	Spectrogram 1	1	756.0	759.0	0	12000.0	Barred Eagle-Owl	baeowl1	0.3198	/Users/jonahgoh/Library/CloudStorage/OneDrive-NationalUniversityofSingapore/Morning_evening audio/Sorted_Audio/625m_12feb_morning/2MA05583_20250212_064702.wav	756.0"
"135	Spectrogram 1	1	771.0	774.0	0	12000.0	Sunda Scops-Owl	susowl2	0.2857	/Users/jonahgoh/Library/CloudStorage/OneDrive-NationalUniversityofSingapore/Morning_evening audio/Sorted_Audio/625m_12feb_morning/2MA05583_20250212_064702.wav	771.0"
"136	Spectrogram 1	1	774.0	777.0	0	12000.0	Sunda Frogmouth	sunfro1	0.3531	/Users/jonahgoh/Library/CloudStorage/OneDrive-NationalUniversityofSingapore/Morning_evening audio/Sorted_Audio/625m_12feb_morning/2MA05583_20250212_064702.wav	774.0"
"137	Spectrogram 1	1	780.0	783.0	0	12000.0	Sunda Frogmouth	sunfro1	0.4209	/Users/jonahgoh/Library/CloudStorage/OneDrive-NationalUniversityofSingapore/Morning_evening audio/Sorted_Audio/625m_12feb_morning/2MA05583_20250212_064702.wav	780.0"
"138	Spectrogram 1	1	786.0	789.0	0	12000.0	Sunda Frogmouth	sunfro1	0.3499	/Users/jonahgoh/Library/CloudStorage/OneDrive-NationalUniversityofSingapore/Morning_evening audio/Sorted_Audio/625m_12feb_morning/2MA05583_20250212_064702.wav	786.0"
"139	Spectrogram 1	1	795.0	798.0	0	12000.0	Sunda Frogmouth	sunfro1	0.3722	/Users/jonahgoh/Library/CloudStorage/OneDrive-NationalUniversityofSingapore/Morning_evening audio/Sorted_Audio/625m_12feb_morning/2MA05583_20250212_064702.wav	795.0"
"140	Spectrogram 1	1	873.0	876.0	0	12000.0	Sunda Frogmouth	sunfro1	0.3701	/Users/jonahgoh/Library/CloudStorage/OneDrive-NationalUniversityofSingapore/Morning_evening audio/Sorted_Audio/625m_12feb_morning/2MA05583_20250212_064702.wav	873.0"
"141	Spectrogram 1	1	879.0	882.0	0	12000.0	Sunda Frogmouth	sunfro1	0.2553	/Users/jonahgoh/Library/CloudStorage/OneDrive-NationalUniversityofSingapore/Morning_evening audio/Sorted_Audio/625m_12feb_morning/2MA05583_20250212_064702.wav	879.0"
"142	Spectrogram 1	1	888.0	891.0	0	12000.0	Sunda Frogmouth	sunfro1	0.2644	/Users/jonahgoh/Library/CloudStorage/OneDrive-NationalUniversityofSingapore/Morning_evening audio/Sorted_Audio/625m_12feb_morning/2MA05583_20250212_064702.wav	888.0"
"143	Spectrogram 1	1	903.0	906.0	0	12000.0	Sunda Frogmouth	sunfro1	0.5096	/Users/jonahgoh/Library/CloudStorage/OneDrive-NationalUniversityofSingapore/Morning_evening audio/Sorted_Audio/625m_12feb_morning/2MA05583_20250212_064702.wav	903.0"
"144	Spectrogram 1	1	936.0	939.0	0	12000.0	Sunda Frogmouth	sunfro1	0.2534	/Users/jonahgoh/Library/CloudStorage/OneDrive-NationalUniversityofSingapore/Morning_evening audio/Sorted_Audio/625m_12feb_morning/2MA05583_20250212_064702.wav	936.0"
"145	Spectrogram 1	1	963.0	966.0	0	12000.0	Sunda Frogmouth	sunfro1	0.2798	/Users/jonahgoh/Library/CloudStorage/OneDrive-NationalUniversityofSingapore/Morning_evening audio/Sorted_Audio/625m_12feb_morning/2MA05583_20250212_064702.wav	963.0"
"146	Spectrogram 1	1	1029.0	1032.0	0	12000.0	Sunda Frogmouth	sunfro1	0.4270	/Users/jonahgoh/Library/CloudStorage/OneDrive-NationalUniversityofSingapore/Morning_evening audio/Sorted_Audio/625m_12feb_morning/2MA05583_20250212_064702.wav	1029.0"
"147	Spectrogram 1	1	1035.0	1038.0	0	12000.0	Sunda Frogmouth	sunfro1	0.3373	/Users/jonahgoh/Library/CloudStorage/OneDrive-NationalUniversityofSingapore/Morning_evening audio/Sorted_Audio/625m_12feb_morning/2MA05583_20250212_064702.wav	1035.0"
"148	Spectrogram 1	1	1041.0	1044.0	0	12000.0	Sunda Frogmouth	sunfro1	0.2685	/Users/jonahgoh/Library/CloudStorage/OneDrive-NationalUniversityofSingapore/Morning_evening audio/Sorted_Audio/625m_12feb_morning/2MA05583_20250212_064702.wav	1041.0"
"149	Spectrogram 1	1	1047.0	1050.0	0	12000.0	Sunda Frogmouth	sunfro1	0.3001	/Users/jonahgoh/Library/CloudStorage/OneDrive-NationalUniversityofSingapore/Morning_evening audio/Sorted_Audio/625m_12feb_morning/2MA05583_20250212_064702.wav	1047.0"
"150	Spectrogram 1	1	1050.0	1053.0	0	12000.0	Sunda Frogmouth	sunfro1	0.5167	/Users/jonahgoh/Library/CloudStorage/OneDrive-NationalUniversityofSingapore/Morning_evening audio/Sorted_Audio/625m_12feb_morning/2MA05583_20250212_064702.wav	1050.0"
"151	Spectrogram 1	1	1083.0	1086.0	0	12000.0	Sunda Frogmouth	sunfro1	0.4017	/Users/jonahgoh/Library/CloudStorage/OneDrive-NationalUniversityofSingapore/Morning_evening audio/Sorted_Audio/625m_12feb_morning/2MA05583_20250212_064702.wav	1083.0"
"152	Spectrogram 1	1	1086.0	1089.0	0	12000.0	Sunda Frogmouth	sunfro1	0.5364	/Users/jonahgoh/Library/CloudStorage/OneDrive-NationalUniversityofSingapore/Morning_evening audio/Sorted_Audio/625m_12feb_morning/2MA05583_20250212_064702.wav	1086.0"
"153	Spectrogram 1	1	1092.0	1095.0	0	12000.0	Sunda Frogmouth	sunfro1	0.2954	/Users/jonahgoh/Library/CloudStorage/OneDrive-NationalUniversityofSingapore/Morning_evening audio/Sorted_Audio/625m_12feb_morning/2MA05583_20250212_064702.wav	1092.0"
"154	Spectrogram 1	1	1095.0	1098.0	0	12000.0	Sunda Frogmouth	sunfro1	0.2966	/Users/jonahgoh/Library/CloudStorage/OneDrive-NationalUniversityofSingapore/Morning_evening audio/Sorted_Audio/625m_12feb_morning/2MA05583_20250212_064702.wav	1095.0"
"155	Spectrogram 1	1	1125.0	1128.0	0	12000.0	Great Tit	gretit1	0.3512	/Users/jonahgoh/Library/CloudStorage/OneDrive-NationalUniversityofSingapore/Morning_evening audio/Sorted_Audio/625m_12feb_morning/2MA05583_20250212_064702.wav	1125.0"
"156	Spectrogram 1	1	1131.0	1134.0	0	12000.0	Sunda Frogmouth	sunfro1	0.4044	/Users/jonahgoh/Library/CloudStorage/OneDrive-NationalUniversityofSingapore/Morning_evening audio/Sorted_Audio/625m_12feb_morning/2MA05583_20250212_064702.wav	1131.0"
"157	Spectrogram 1	1	1269.0	1272.0	0	12000.0	Sunda Frogmouth	sunfro1	0.3096	/Users/jonahgoh/Library/CloudStorage/OneDrive-NationalUniversityofSingapore/Morning_evening audio/Sorted_Audio/625m_12feb_morning/2MA05583_20250212_064702.wav	1269.0"
"158	Spectrogram 1	1	1272.0	1275.0	0	12000.0	Yellow-vented Bulbul	yevbul1	0.3813	/Users/jonahgoh/Library/CloudStorage/OneDrive-NationalUniversityofSingapore/Morning_evening audio/Sorted_Audio/625m_12feb_morning/2MA05583_20250212_064702.wav	1272.0"
"159	Spectrogram 1	1	1287.0	1290.0	0	12000.0	Sunda Frogmouth	sunfro1	0.4310	/Users/jonahgoh/Library/CloudStorage/OneDrive-NationalUniversityofSingapore/Morning_evening audio/Sorted_Audio/625m_12feb_morning/2MA05583_20250212_064702.wav	1287.0"
"160	Spectrogram 1	1	1362.0	1365.0	0	12000.0	Barred Eagle-Owl	baeowl1	0.2694	/Users/jonahgoh/Library/CloudStorage/OneDrive-NationalUniversityofSingapore/Morning_evening audio/Sorted_Audio/625m_12feb_morning/2MA05583_20250212_064702.wav	1362.0"
"161	Spectrogram 1	1	1434.0	1437.0	0	12000.0	Yellow-vented Bulbul	yevbul1	0.2725	/Users/jonahgoh/Library/CloudStorage/OneDrive-NationalUniversityofSingapore/Morning_evening audio/Sorted_Audio/625m_12feb_morning/2MA05583_20250212_064702.wav	1434.0"
"162	Spectrogram 1	1	1467.0	1470.0	0	12000.0	Sunda Frogmouth	sunfro1	0.2567	/Users/jonahgoh/Library/CloudStorage/OneDrive-NationalUniversityofSingapore/Morning_evening audio/Sorted_Audio/625m_12feb_morning/2MA05583_20250212_064702.wav	1467.0"
"163	Spectrogram 1	1	1521.0	1524.0	0	12000.0	Pin-striped Tit-Babbler	sttbab1	0.2750	/Users/jonahgoh/Library/CloudStorage/OneDrive-NationalUniversityofSingapore/Morning_evening audio/Sorted_Audio/625m_12feb_morning/2MA05583_20250212_064702.wav	1521.0"
"164	Spectrogram 1	1	1599.0	1602.0	0	12000.0	Pin-striped Tit-Babbler	sttbab1	0.5183	/Users/jonahgoh/Library/CloudStorage/OneDrive-NationalUniversityofSingapore/Morning_evening audio/Sorted_Audio/625m_12feb_morning/2MA05583_20250212_064702.wav	1599.0"
"165	Spectrogram 1	1	1605.0	1608.0	0	12000.0	Pin-striped Tit-Babbler	sttbab1	0.2765	/Users/jonahgoh/Library/CloudStorage/OneDrive-NationalUniversityofSingapore/Morning_evening audio/Sorted_Audio/625m_12feb_morning/2MA05583_20250212_064702.wav	1605.0"
"166	Spectrogram 1	1	1635.0	1638.0	0	12000.0	Pin-striped Tit-Babbler	sttbab1	0.5151	/Users/jonahgoh/Library/CloudStorage/OneDrive-NationalUniversityofSingapore/Morning_evening audio/Sorted_Audio/625m_12feb_morning/2MA05583_20250212_064702.wav	1635.0"
"167	Spectrogram 1	1	1653.0	1656.0	0	12000.0	Pin-striped Tit-Babbler	sttbab1	0.2629	/Users/jonahgoh/Library/CloudStorage/OneDrive-NationalUniversityofSingapore/Morning_evening audio/Sorted_Audio/625m_12feb_morning/2MA05583_20250212_064702.wav	1653.0"
"168	Spectrogram 1	1	1656.0	1659.0	0	12000.0	Pin-striped Tit-Babbler	sttbab1	0.2824	/Users/jonahgoh/Library/CloudStorage/OneDrive-NationalUniversityofSingapore/Morning_evening audio/Sorted_Audio/625m_12feb_morning/2MA05583_20250212_064702.wav	1656.0"
"169	Spectrogram 1	1	1659.0	1662.0	0	12000.0	Eurasian Blackbird	eurbla	0.3592	/Users/jonahgoh/Library/CloudStorage/OneDrive-NationalUniversityofSingapore/Morning_evening audio/Sorted_Audio/625m_12feb_morning/2MA05583_20250212_064702.wav	1659.0"
"170	Spectrogram 1	1	1662.0	1665.0	0	12000.0	Pin-striped Tit-Babbler	sttbab1	0.5034	/Users/jonahgoh/Library/CloudStorage/OneDrive-NationalUniversityofSingapore/Morning_evening audio/Sorted_Audio/625m_12feb_morning/2MA05583_20250212_064702.wav	1662.0"
"171	Spectrogram 1	1	1680.0	1683.0	0	12000.0	Pin-striped Tit-Babbler	sttbab1	0.5855	/Users/jonahgoh/Library/CloudStorage/OneDrive-NationalUniversityofSingapore/Morning_evening audio/Sorted_Audio/625m_12feb_morning/2MA05583_20250212_064702.wav	1680.0"
"172	Spectrogram 1	1	1683.0	1686.0	0	12000.0	Pin-striped Tit-Babbler	sttbab1	0.6461	/Users/jonahgoh/Library/CloudStorage/OneDrive-NationalUniversityofSingapore/Morning_evening audio/Sorted_Audio/625m_12feb_morning/2MA05583_20250212_064702.wav	1683.0"
"173	Spectrogram 1	1	1689.0	1692.0	0	12000.0	Pin-striped Tit-Babbler	sttbab1	0.4243	/Users/jonahgoh/Library/CloudStorage/OneDrive-NationalUniversityofSingapore/Morning_evening audio/Sorted_Audio/625m_12feb_morning/2MA05583_20250212_064702.wav	1689.0"
"174	Spectrogram 1	1	1695.0	1698.0	0	12000.0	Pin-striped Tit-Babbler	sttbab1	0.2981	/Users/jonahgoh/Library/CloudStorage/OneDrive-NationalUniversityofSingapore/Morning_evening audio/Sorted_Audio/625m_12feb_morning/2MA05583_20250212_064702.wav	1695.0"
"175	Spectrogram 1	1	1716.0	1719.0	0	12000.0	Pin-striped Tit-Babbler	sttbab1	0.2519	/Users/jonahgoh/Library/CloudStorage/OneDrive-NationalUniversityofSingapore/Morning_evening audio/Sorted_Audio/625m_12feb_morning/2MA05583_20250212_064702.wav	1716.0"
"176	Spectrogram 1	1	1719.0	1722.0	0	12000.0	Pin-striped Tit-Babbler	sttbab1	0.5024	/Users/jonahgoh/Library/CloudStorage/OneDrive-NationalUniversityofSingapore/Morning_evening audio/Sorted_Audio/625m_12feb_morning/2MA05583_20250212_064702.wav	1719.0"
"177	Spectrogram 1	1	1728.0	1731.0	0	12000.0	Pin-striped Tit-Babbler	sttbab1	0.2696	/Users/jonahgoh/Library/CloudStorage/OneDrive-NationalUniversityofSingapore/Morning_evening audio/Sorted_Audio/625m_12feb_morning/2MA05583_20250212_064702.wav	1728.0"
"178	Spectrogram 1	1	1743.0	1746.0	0	12000.0	Pin-striped Tit-Babbler	sttbab1	0.5353	/Users/jonahgoh/Library/CloudStorage/OneDrive-NationalUniversityofSingapore/Morning_evening audio/Sorted_Audio/625m_12feb_morning/2MA05583_20250212_064702.wav	1743.0"
"179	Spectrogram 1	1	1746.0	1749.0	0	12000.0	Pin-striped Tit-Babbler	sttbab1	0.5095	/Users/jonahgoh/Library/CloudStorage/OneDrive-NationalUniversityofSingapore/Morning_evening audio/Sorted_Audio/625m_12feb_morning/2MA05583_20250212_064702.wav	1746.0"
"180	Spectrogram 1	1	1749.0	1752.0	0	12000.0	Pin-striped Tit-Babbler	sttbab1	0.5378	/Users/jonahgoh/Library/CloudStorage/OneDrive-NationalUniversityofSingapore/Morning_evening audio/Sorted_Audio/625m_12feb_morning/2MA05583_20250212_064702.wav	1749.0"
"181	Spectrogram 1	1	1758.0	1761.0	0	12000.0	Pin-striped Tit-Babbler	sttbab1	0.4027	/Users/jonahgoh/Library/CloudStorage/OneDrive-NationalUniversityofSingapore/Morning_evening audio/Sorted_Audio/625m_12feb_morning/2MA05583_20250212_064702.wav	1758.0"
"182	Spectrogram 1	1	1773.0	1776.0	0	12000.0	Pin-striped Tit-Babbler	sttbab1	0.4944	/Users/jonahgoh/Library/CloudStorage/OneDrive-NationalUniversityofSingapore/Morning_evening audio/Sorted_Audio/625m_12feb_morning/2MA05583_20250212_064702.wav	1773.0"
"183	Spectrogram 1	1	1785.0	1788.0	0	12000.0	Pin-striped Tit-Babbler	sttbab1	0.3297	/Users/jonahgoh/Library/CloudStorage/OneDrive-NationalUniversityofSingapore/Morning_evening audio/Sorted_Audio/625m_12feb_morning/2MA05583_20250212_064702.wav	1785.0"
"184	Spectrogram 1	1	1788.0	1791.0	0	12000.0	Pin-striped Tit-Babbler	sttbab1	0.6631	/Users/jonahgoh/Library/CloudStorage/OneDrive-NationalUniversityofSingapore/Morning_evening audio/Sorted_Audio/625m_12feb_morning/2MA05583_20250212_064702.wav	1788.0"
"185	Spectrogram 1	1	1791.0	1794.0	0	12000.0	Pin-striped Tit-Babbler	sttbab1	0.5726	/Users/jonahgoh/Library/CloudStorage/OneDrive-NationalUniversityofSingapore/Morning_evening audio/Sorted_Audio/625m_12feb_morning/2MA05583_20250212_064702.wav	1791.0"
"186	Spectrogram 1	1	1794.0	1797.0	0	12000.0	Pin-striped Tit-Babbler	sttbab1	0.4372	/Users/jonahgoh/Library/CloudStorage/OneDrive-NationalUniversityofSingapore/Morning_evening audio/Sorted_Audio/625m_12feb_morning/2MA05583_20250212_064702.wav	1794.0"
"187	Spectrogram 1	1	1800.0	1803.0	0	12000.0	Pin-striped Tit-Babbler	sttbab1	0.2872	/Users/jonahgoh/Library/CloudStorage/OneDrive-NationalUniversityofSingapore/Morning_evening audio/Sorted_Audio/625m_12feb_morning/2MA05583_20250212_064702.wav	1800.0"
"188	Spectrogram 1	1	1806.0	1809.0	0	12000.0	Pin-striped Tit-Babbler	sttbab1	0.6382	/Users/jonahgoh/Library/CloudStorage/OneDrive-NationalUniversityofSingapore/Morning_evening audio/Sorted_Audio/625m_12feb_morning/2MA05583_20250212_064702.wav	1806.0"
"189	Spectrogram 1	1	1851.0	1854.0	0	12000.0	Pin-striped Tit-Babbler	sttbab1	0.3714	/Users/jonahgoh/Library/CloudStorage/OneDrive-NationalUniversityofSingapore/Morning_evening audio/Sorted_Audio/625m_12feb_morning/2MA05583_20250212_064702.wav	1851.0"
"190	Spectrogram 1	1	1872.0	1875.0	0	12000.0	Pin-striped Tit-Babbler	sttbab1	0.7760	/Users/jonahgoh/Library/CloudStorage/OneDrive-NationalUniversityofSingapore/Morning_evening audio/Sorted_Audio/625m_12feb_morning/2MA05583_20250212_064702.wav	1872.0"
"191	Spectrogram 1	1	1899.0	1902.0	0	12000.0	Pin-striped Tit-Babbler	sttbab1	0.5645	/Users/jonahgoh/Library/CloudStorage/OneDrive-NationalUniversityofSingapore/Morning_evening audio/Sorted_Audio/625m_12feb_morning/2MA05583_20250212_064702.wav	1899.0"
"192	Spectrogram 1	1	1908.0	1911.0	0	12000.0	Pin-striped Tit-Babbler	sttbab1	0.7573	/Users/jonahgoh/Library/CloudStorage/OneDrive-NationalUniversityofSingapore/Morning_evening audio/Sorted_Audio/625m_12feb_morning/2MA05583_20250212_064702.wav	1908.0"
"193	Spectrogram 1	1	1941.0	1944.0	0	12000.0	Pin-striped Tit-Babbler	sttbab1	0.3193	/Users/jonahgoh/Library/CloudStorage/OneDrive-NationalUniversityofSingapore/Morning_evening audio/Sorted_Audio/625m_12feb_morning/2MA05583_20250212_064702.wav	1941.0"
"194	Spectrogram 1	1	1944.0	1947.0	0	12000.0	Pin-striped Tit-Babbler	sttbab1	0.2831	/Users/jonahgoh/Library/CloudStorage/OneDrive-NationalUniversityofSingapore/Morning_evening audio/Sorted_Audio/625m_12feb_morning/2MA05583_20250212_064702.wav	1944.0"
"195	Spectrogram 1	1	2007.0	2010.0	0	12000.0	Pin-striped Tit-Babbler	sttbab1	0.7786	/Users/jonahgoh/Library/CloudStorage/OneDrive-NationalUniversityofSingapore/Morning_evening audio/Sorted_Audio/625m_12feb_morning/2MA05583_20250212_064702.wav	2007.0"
"196	Spectrogram 1	1	2010.0	2013.0	0	12000.0	Pin-striped Tit-Babbler	sttbab1	0.2647	/Users/jonahgoh/Library/CloudStorage/OneDrive-NationalUniversityofSingapore/Morning_evening audio/Sorted_Audio/625m_12feb_morning/2MA05583_20250212_064702.wav	2010.0"
"197	Spectrogram 1	1	2016.0	2019.0	0	12000.0	Pin-striped Tit-Babbler	sttbab1	0.6064	/Users/jonahgoh/Library/CloudStorage/OneDrive-NationalUniversityofSingapore/Morning_evening audio/Sorted_Audio/625m_12feb_morning/2MA05583_20250212_064702.wav	2016.0"
"198	Spectrogram 1	1	2022.0	2025.0	0	12000.0	Pin-striped Tit-Babbler	sttbab1	0.3194	/Users/jonahgoh/Library/CloudStorage/OneDrive-NationalUniversityofSingapore/Morning_evening audio/Sorted_Audio/625m_12feb_morning/2MA05583_20250212_064702.wav	2022.0"
"199	Spectrogram 1	1	2025.0	2028.0	0	12000.0	Song Thrush	sonthr1	0.2919	/Users/jonahgoh/Library/CloudStorage/OneDrive-NationalUniversityofSingapore/Morning_evening audio/Sorted_Audio/625m_12feb_morning/2MA05583_20250212_064702.wav	2025.0"
"200	Spectrogram 1	1	2025.0	2028.0	0	12000.0	Eurasian Blackbird	eurbla	0.2725	/Users/jonahgoh/Library/CloudStorage/OneDrive-NationalUniversityofSingapore/Morning_evening audio/Sorted_Audio/625m_12feb_morning/2MA05583_20250212_064702.wav	2025.0"
"201	Spectrogram 1	1	2031.0	2034.0	0	12000.0	Pin-striped Tit-Babbler	sttbab1	0.2630	/Users/jonahgoh/Library/CloudStorage/OneDrive-NationalUniversityofSingapore/Morning_evening audio/Sorted_Audio/625m_12feb_morning/2MA05583_20250212_064702.wav	2031.0"
"202	Spectrogram 1	1	2037.0	2040.0	0	12000.0	Eurasian Blackbird	eurbla	0.2746	/Users/jonahgoh/Library/CloudStorage/OneDrive-NationalUniversityofSingapore/Morning_evening audio/Sorted_Audio/625m_12feb_morning/2MA05583_20250212_064702.wav	2037.0"
"203	Spectrogram 1	1	2067.0	2070.0	0	12000.0	Eurasian Blackbird	eurbla	0.2591	/Users/jonahgoh/Library/CloudStorage/OneDrive-NationalUniversityofSingapore/Morning_evening audio/Sorted_Audio/625m_12feb_morning/2MA05583_20250212_064702.wav	2067.0"
"204	Spectrogram 1	1	2166.0	2169.0	0	12000.0	Yellow-vented Bulbul	yevbul1	0.5267	/Users/jonahgoh/Library/CloudStorage/OneDrive-NationalUniversityofSingapore/Morning_evening audio/Sorted_Audio/625m_12feb_morning/2MA05583_20250212_064702.wav	2166.0"
"205	Spectrogram 1	1	2172.0	2175.0	0	12000.0	Yellow-vented Bulbul	yevbul1	0.4065	/Users/jonahgoh/Library/CloudStorage/OneDrive-NationalUniversityofSingapore/Morning_evening audio/Sorted_Audio/625m_12feb_morning/2MA05583_20250212_064702.wav	2172.0"
"206	Spectrogram 1	1	2178.0	2181.0	0	12000.0	Yellow-vented Bulbul	yevbul1	0.4324	/Users/jonahgoh/Library/CloudStorage/OneDrive-NationalUniversityofSingapore/Morning_evening audio/Sorted_Audio/625m_12feb_morning/2MA05583_20250212_064702.wav	2178.0"
"207	Spectrogram 1	1	2181.0	2184.0	0	12000.0	Pin-striped Tit-Babbler	sttbab1	0.2610	/Users/jonahgoh/Library/CloudStorage/OneDrive-NationalUniversityofSingapore/Morning_evening audio/Sorted_Audio/625m_12feb_morning/2MA05583_20250212_064702.wav	2181.0"
"208	Spectrogram 1	1	2205.0	2208.0	0	12000.0	Pin-striped Tit-Babbler	sttbab1	0.2645	/Users/jonahgoh/Library/CloudStorage/OneDrive-NationalUniversityofSingapore/Morning_evening audio/Sorted_Audio/625m_12feb_morning/2MA05583_20250212_064702.wav	2205.0"
"209	Spectrogram 1	1	2220.0	2223.0	0	12000.0	Pin-striped Tit-Babbler	sttbab1	0.4331	/Users/jonahgoh/Library/CloudStorage/OneDrive-NationalUniversityofSingapore/Morning_evening audio/Sorted_Audio/625m_12feb_morning/2MA05583_20250212_064702.wav	2220.0"
"210	Spectrogram 1	1	2226.0	2229.0	0	12000.0	Pin-striped Tit-Babbler	sttbab1	0.4583	/Users/jonahgoh/Library/CloudStorage/OneDrive-NationalUniversityofSingapore/Morning_evening audio/Sorted_Audio/625m_12feb_morning/2MA05583_20250212_064702.wav	2226.0"
"211	Spectrogram 1	1	2232.0	2235.0	0	12000.0	Pin-striped Tit-Babbler	sttbab1	0.3674	/Users/jonahgoh/Library/CloudStorage/OneDrive-NationalUniversityofSingapore/Morning_evening audio/Sorted_Audio/625m_12feb_morning/2MA05583_20250212_064702.wav	2232.0"
"212	Spectrogram 1	1	2238.0	2241.0	0	12000.0	Pin-striped Tit-Babbler	sttbab1	0.3276	/Users/jonahgoh/Library/CloudStorage/OneDrive-NationalUniversityofSingapore/Morning_evening audio/Sorted_Audio/625m_12feb_morning/2MA05583_20250212_064702.wav	2238.0"
"213	Spectrogram 1	1	2253.0	2256.0	0	12000.0	Eurasian Blackbird	eurbla	0.5238	/Users/jonahgoh/Library/CloudStorage/OneDrive-NationalUniversityofSingapore/Morning_evening audio/Sorted_Audio/625m_12feb_morning/2MA05583_20250212_064702.wav	2253.0"
"214	Spectrogram 1	1	2262.0	2265.0	0	12000.0	Olive-winged Bulbul	olwbul1	0.2864	/Users/jonahgoh/Library/CloudStorage/OneDrive-NationalUniversityofSingapore/Morning_evening audio/Sorted_Audio/625m_12feb_morning/2MA05583_20250212_064702.wav	2262.0"
"215	Spectrogram 1	1	2358.0	2361.0	0	12000.0	Eurasian Blackbird	eurbla	0.3286	/Users/jonahgoh/Library/CloudStorage/OneDrive-NationalUniversityofSingapore/Morning_evening audio/Sorted_Audio/625m_12feb_morning/2MA05583_20250212_064702.wav	2358.0"
"216	Spectrogram 1	1	2385.0	2388.0	0	12000.0	Song Thrush	sonthr1	0.6303	/Users/jonahgoh/Library/CloudStorage/OneDrive-NationalUniversityofSingapore/Morning_evening audio/Sorted_Audio/625m_12feb_morning/2MA05583_20250212_064702.wav	2385.0"
"217	Spectrogram 1	1	2406.0	2409.0	0	12000.0	Asian Fairy-bluebird	asfblu1	0.3208	/Users/jonahgoh/Library/CloudStorage/OneDrive-NationalUniversityofSingapore/Morning_evening audio/Sorted_Audio/625m_12feb_morning/2MA05583_20250212_064702.wav	2406.0"
"218	Spectrogram 1	1	2409.0	2412.0	0	12000.0	Olive-winged Bulbul	olwbul1	0.6311	/Users/jonahgoh/Library/CloudStorage/OneDrive-NationalUniversityofSingapore/Morning_evening audio/Sorted_Audio/625m_12feb_morning/2MA05583_20250212_064702.wav	2409.0"
"219	Spectrogram 1	1	2424.0	2427.0	0	12000.0	Olive-winged Bulbul	olwbul1	0.5914	/Users/jonahgoh/Library/CloudStorage/OneDrive-NationalUniversityofSingapore/Morning_evening audio/Sorted_Audio/625m_12feb_morning/2MA05583_20250212_064702.wav	2424.0"
"220	Spectrogram 1	1	2427.0	2430.0	0	12000.0	Common Firecrest	firecr1	0.2777	/Users/jonahgoh/Library/CloudStorage/OneDrive-NationalUniversityofSingapore/Morning_evening audio/Sorted_Audio/625m_12feb_morning/2MA05583_20250212_064702.wav	2427.0"
"221	Spectrogram 1	1	2430.0	2433.0	0	12000.0	Olive-winged Bulbul	olwbul1	0.3928	/Users/jonahgoh/Library/CloudStorage/OneDrive-NationalUniversityofSingapore/Morning_evening audio/Sorted_Audio/625m_12feb_morning/2MA05583_20250212_064702.wav	2430.0"
"222	Spectrogram 1	1	2442.0	2445.0	0	12000.0	Eurasian Blackbird	eurbla	0.4169	/Users/jonahgoh/Library/CloudStorage/OneDrive-NationalUniversityofSingapore/Morning_evening audio/Sorted_Audio/625m_12feb_morning/2MA05583_20250212_064702.wav	2442.0"
"223	Spectrogram 1	1	2466.0	2469.0	0	12000.0	Yellow-vented Bulbul	yevbul1	0.6074	/Users/jonahgoh/Library/CloudStorage/OneDrive-NationalUniversityofSingapore/Morning_evening audio/Sorted_Audio/625m_12feb_morning/2MA05583_20250212_064702.wav	2466.0"
"224	Spectrogram 1	1	2466.0	2469.0	0	12000.0	Olive-winged Bulbul	olwbul1	0.4787	/Users/jonahgoh/Library/CloudStorage/OneDrive-NationalUniversityofSingapore/Morning_evening audio/Sorted_Audio/625m_12feb_morning/2MA05583_20250212_064702.wav	2466.0"
"225	Spectrogram 1	1	2472.0	2475.0	0	12000.0	Yellow-vented Bulbul	yevbul1	0.7459	/Users/jonahgoh/Library/CloudStorage/OneDrive-NationalUniversityofSingapore/Morning_evening audio/Sorted_Audio/625m_12feb_morning/2MA05583_20250212_064702.wav	2472.0"
"226	Spectrogram 1	1	2478.0	2481.0	0	12000.0	Common Firecrest	firecr1	0.5652	/Users/jonahgoh/Library/CloudStorage/OneDrive-NationalUniversityofSingapore/Morning_evening audio/Sorted_Audio/625m_12feb_morning/2MA05583_20250212_064702.wav	2478.0"
"227	Spectrogram 1	1	2481.0	2484.0	0	12000.0	Olive-winged Bulbul	olwbul1	0.3096	/Users/jonahgoh/Library/CloudStorage/OneDrive-NationalUniversityofSingapore/Morning_evening audio/Sorted_Audio/625m_12feb_morning/2MA05583_20250212_064702.wav	2481.0"
"228	Spectrogram 1	1	2481.0	2484.0	0	12000.0	Yellow-vented Bulbul	yevbul1	0.2951	/Users/jonahgoh/Library/CloudStorage/OneDrive-NationalUniversityofSingapore/Morning_evening audio/Sorted_Audio/625m_12feb_morning/2MA05583_20250212_064702.wav	2481.0"
"229	Spectrogram 1	1	2514.0	2517.0	0	12000.0	Arctic Warbler	arcwar1	0.3811	/Users/jonahgoh/Library/CloudStorage/OneDrive-NationalUniversityofSingapore/Morning_evening audio/Sorted_Audio/625m_12feb_morning/2MA05583_20250212_064702.wav	2514.0"
"230	Spectrogram 1	1	2523.0	2526.0	0	12000.0	Olive-winged Bulbul	olwbul1	0.3153	/Users/jonahgoh/Library/CloudStorage/OneDrive-NationalUniversityofSingapore/Morning_evening audio/Sorted_Audio/625m_12feb_morning/2MA05583_20250212_064702.wav	2523.0"
"231	Spectrogram 1	1	2550.0	2553.0	0	12000.0	Olive-winged Bulbul	olwbul1	0.6487	/Users/jonahgoh/Library/CloudStorage/OneDrive-NationalUniversityofSingapore/Morning_evening audio/Sorted_Audio/625m_12feb_morning/2MA05583_20250212_064702.wav	2550.0"
"232	Spectrogram 1	1	2556.0	2559.0	0	12000.0	Olive-winged Bulbul	olwbul1	0.3007	/Users/jonahgoh/Library/CloudStorage/OneDrive-NationalUniversityofSingapore/Morning_evening audio/Sorted_Audio/625m_12feb_morning/2MA05583_20250212_064702.wav	2556.0"
"233	Spectrogram 1	1	2580.0	2583.0	0	12000.0	Asian Glossy Starling	asgsta1	0.4033	/Users/jonahgoh/Library/CloudStorage/OneDrive-NationalUniversityofSingapore/Morning_evening audio/Sorted_Audio/625m_12feb_morning/2MA05583_20250212_064702.wav	2580.0"
"234	Spectrogram 1	1	2583.0	2586.0	0	12000.0	Micronesian Myzomela	micmyz1	0.3303	/Users/jonahgoh/Library/CloudStorage/OneDrive-NationalUniversityofSingapore/Morning_evening audio/Sorted_Audio/625m_12feb_morning/2MA05583_20250212_064702.wav	2583.0"
"235	Spectrogram 1	1	2583.0	2586.0	0	12000.0	Yellow-vented Bulbul	yevbul1	0.2807	/Users/jonahgoh/Library/CloudStorage/OneDrive-NationalUniversityofSingapore/Morning_evening audio/Sorted_Audio/625m_12feb_morning/2MA05583_20250212_064702.wav	2583.0"
"236	Spectrogram 1	1	2592.0	2595.0	0	12000.0	Coral-billed Ground-Cuckoo	cbgcuc1	0.3011	/Users/jonahgoh/Library/CloudStorage/OneDrive-NationalUniversityofSingapore/Morning_evening audio/Sorted_Audio/625m_12feb_morning/2MA05583_20250212_064702.wav	2592.0"
"237	Spectrogram 1	1	2595.0	2598.0	0	12000.0	Coral-billed Ground-Cuckoo	cbgcuc1	0.2766	/Users/jonahgoh/Library/CloudStorage/OneDrive-NationalUniversityofSingapore/Morning_evening audio/Sorted_Audio/625m_12feb_morning/2MA05583_20250212_064702.wav	2595.0"
"238	Spectrogram 1	1	2598.0	2601.0	0	12000.0	Olive-winged Bulbul	olwbul1	0.3157	/Users/jonahgoh/Library/CloudStorage/OneDrive-NationalUniversityofSingapore/Morning_evening audio/Sorted_Audio/625m_12feb_morning/2MA05583_20250212_064702.wav	2598.0"
"239	Spectrogram 1	1	2610.0	2613.0	0	12000.0	Yellow-vented Bulbul	yevbul1	0.3537	/Users/jonahgoh/Library/CloudStorage/OneDrive-NationalUniversityofSingapore/Morning_evening audio/Sorted_Audio/625m_12feb_morning/2MA05583_20250212_064702.wav	2610.0"
"240	Spectrogram 1	1	2622.0	2625.0	0	12000.0	Olive-winged Bulbul	olwbul1	0.3398	/Users/jonahgoh/Library/CloudStorage/OneDrive-NationalUniversityofSingapore/Morning_evening audio/Sorted_Audio/625m_12feb_morning/2MA05583_20250212_064702.wav	2622.0"
"241	Spectrogram 1	1	2622.0	2625.0	0	12000.0	Yellow-vented Bulbul	yevbul1	0.3001	/Users/jonahgoh/Library/CloudStorage/OneDrive-NationalUniversityofSingapore/Morning_evening audio/Sorted_Audio/625m_12feb_morning/2MA05583_20250212_064702.wav	2622.0"
"242	Spectrogram 1	1	2628.0	2631.0	0	12000.0	Yellow-vented Bulbul	yevbul1	0.3442	/Users/jonahgoh/Library/CloudStorage/OneDrive-NationalUniversityofSingapore/Morning_evening audio/Sorted_Audio/625m_12feb_morning/2MA05583_20250212_064702.wav	2628.0"
"243	Spectrogram 1	1	2628.0	2631.0	0	12000.0	Coral-billed Ground-Cuckoo	cbgcuc1	0.2928	/Users/jonahgoh/Library/CloudStorage/OneDrive-NationalUniversityofSingapore/Morning_evening audio/Sorted_Audio/625m_12feb_morning/2MA05583_20250212_064702.wav	2628.0"
"244	Spectrogram 1	1	2637.0	2640.0	0	12000.0	Yellow-vented Bulbul	yevbul1	0.5373	/Users/jonahgoh/Library/CloudStorage/OneDrive-NationalUniversityofSingapore/Morning_evening audio/Sorted_Audio/625m_12feb_morning/2MA05583_20250212_064702.wav	2637.0"
"245	Spectrogram 1	1	2703.0	2706.0	0	12000.0	Coral-billed Ground-Cuckoo	cbgcuc1	0.2730	/Users/jonahgoh/Library/CloudStorage/OneDrive-NationalUniversityofSingapore/Morning_evening audio/Sorted_Audio/625m_12feb_morning/2MA05583_20250212_064702.wav	2703.0"
"246	Spectrogram 1	1	2712.0	2715.0	0	12000.0	Yellow-vented Bulbul	yevbul1	0.4665	/Users/jonahgoh/Library/CloudStorage/OneDrive-NationalUniversityofSingapore/Morning_evening audio/Sorted_Audio/625m_12feb_morning/2MA05583_20250212_064702.wav	2712.0"
"247	Spectrogram 1	1	2715.0	2718.0	0	12000.0	Coral-billed Ground-Cuckoo	cbgcuc1	0.8310	/Users/jonahgoh/Library/CloudStorage/OneDrive-NationalUniversityofSingapore/Morning_evening audio/Sorted_Audio/625m_12feb_morning/2MA05583_20250212_064702.wav	2715.0"
"248	Spectrogram 1	1	2742.0	2745.0	0	12000.0	Yellow-vented Bulbul	yevbul1	0.3072	/Users/jonahgoh/Library/CloudStorage/OneDrive-NationalUniversityofSingapore/Morning_evening audio/Sorted_Audio/625m_12feb_morning/2MA05583_20250212_064702.wav	2742.0"
"249	Spectrogram 1	1	2802.0	2805.0	0	12000.0	Greater Racket-tailed Drongo	grtdro1	0.3028	/Users/jonahgoh/Library/CloudStorage/OneDrive-NationalUniversityofSingapore/Morning_evening audio/Sorted_Audio/625m_12feb_morning/2MA05583_20250212_064702.wav	2802.0"
"250	Spectrogram 1	1	2805.0	2808.0	0	12000.0	Coral-billed Ground-Cuckoo	cbgcuc1	0.5889	/Users/jonahgoh/Library/CloudStorage/OneDrive-NationalUniversityofSingapore/Morning_evening audio/Sorted_Audio/625m_12feb_morning/2MA05583_20250212_064702.wav	2805.0"
"251	Spectrogram 1	1	2808.0	2811.0	0	12000.0	Olive-winged Bulbul	olwbul1	0.5112	/Users/jonahgoh/Library/CloudStorage/OneDrive-NationalUniversityofSingapore/Morning_evening audio/Sorted_Audio/625m_12feb_morning/2MA05583_20250212_064702.wav	2808.0"
"252	Spectrogram 1	1	2829.0	2832.0	0	12000.0	Yellow-vented Bulbul	yevbul1	0.4203	/Users/jonahgoh/Library/CloudStorage/OneDrive-NationalUniversityofSingapore/Morning_evening audio/Sorted_Audio/625m_12feb_morning/2MA05583_20250212_064702.wav	2829.0"
"253	Spectrogram 1	1	2844.0	2847.0	0	12000.0	Olive-winged Bulbul	olwbul1	0.7396	/Users/jonahgoh/Library/CloudStorage/OneDrive-NationalUniversityofSingapore/Morning_evening audio/Sorted_Audio/625m_12feb_morning/2MA05583_20250212_064702.wav	2844.0"
"254	Spectrogram 1	1	2844.0	2847.0	0	12000.0	Yellow-vented Bulbul	yevbul1	0.4278	/Users/jonahgoh/Library/CloudStorage/OneDrive-NationalUniversityofSingapore/Morning_evening audio/Sorted_Audio/625m_12feb_morning/2MA05583_20250212_064702.wav	2844.0"
"255	Spectrogram 1	1	2856.0	2859.0	0	12000.0	Olive-winged Bulbul	olwbul1	0.3297	/Users/jonahgoh/Library/CloudStorage/OneDrive-NationalUniversityofSingapore/Morning_evening audio/Sorted_Audio/625m_12feb_morning/2MA05583_20250212_064702.wav	2856.0"
"256	Spectrogram 1	1	2865.0	2868.0	0	12000.0	Olive-winged Bulbul	olwbul1	0.3067	/Users/jonahgoh/Library/CloudStorage/OneDrive-NationalUniversityofSingapore/Morning_evening audio/Sorted_Audio/625m_12feb_morning/2MA05583_20250212_064702.wav	2865.0"
"257	Spectrogram 1	1	2868.0	2871.0	0	12000.0	Olive-winged Bulbul	olwbul1	0.2885	/Users/jonahgoh/Library/CloudStorage/OneDrive-NationalUniversityofSingapore/Morning_evening audio/Sorted_Audio/625m_12feb_morning/2MA05583_20250212_064702.wav	2868.0"
"258	Spectrogram 1	1	2871.0	2874.0	0	12000.0	Yellow-vented Bulbul	yevbul1	0.6392	/Users/jonahgoh/Library/CloudStorage/OneDrive-NationalUniversityofSingapore/Morning_evening audio/Sorted_Audio/625m_12feb_morning/2MA05583_20250212_064702.wav	2871.0"
"259	Spectrogram 1	1	2874.0	2877.0	0	12000.0	Olive-winged Bulbul	olwbul1	0.2867	/Users/jonahgoh/Library/CloudStorage/OneDrive-NationalUniversityofSingapore/Morning_evening audio/Sorted_Audio/625m_12feb_morning/2MA05583_20250212_064702.wav	2874.0"
"260	Spectrogram 1	1	2889.0	2892.0	0	12000.0	Greater Racket-tailed Drongo	grtdro1	0.3976	/Users/jonahgoh/Library/CloudStorage/OneDrive-NationalUniversityofSingapore/Morning_evening audio/Sorted_Audio/625m_12feb_morning/2MA05583_20250212_064702.wav	2889.0"
"261	Spectrogram 1	1	2898.0	2901.0	0	12000.0	Song Thrush	sonthr1	0.3871	/Users/jonahgoh/Library/CloudStorage/OneDrive-NationalUniversityofSingapore/Morning_evening audio/Sorted_Audio/625m_12feb_morning/2MA05583_20250212_064702.wav	2898.0"
"262	Spectrogram 1	1	2898.0	2901.0	0	12000.0	Eurasian Blackbird	eurbla	0.3076	/Users/jonahgoh/Library/CloudStorage/OneDrive-NationalUniversityofSingapore/Morning_evening audio/Sorted_Audio/625m_12feb_morning/2MA05583_20250212_064702.wav	2898.0"
"263	Spectrogram 1	1	2904.0	2907.0	0	12000.0	Greater Racket-tailed Drongo	grtdro1	0.6900	/Users/jonahgoh/Library/CloudStorage/OneDrive-NationalUniversityofSingapore/Morning_evening audio/Sorted_Audio/625m_12feb_morning/2MA05583_20250212_064702.wav	2904.0"
"264	Spectrogram 1	1	2907.0	2910.0	0	12000.0	Eurasian Blackbird	eurbla	0.4983	/Users/jonahgoh/Library/CloudStorage/OneDrive-NationalUniversityofSingapore/Morning_evening audio/Sorted_Audio/625m_12feb_morning/2MA05583_20250212_064702.wav	2907.0"
"265	Spectrogram 1	1	2940.0	2943.0	0	12000.0	Song Thrush	sonthr1	0.3211	/Users/jonahgoh/Library/CloudStorage/OneDrive-NationalUniversityofSingapore/Morning_evening audio/Sorted_Audio/625m_12feb_morning/2MA05583_20250212_064702.wav	2940.0"
"266	Spectrogram 1	1	2955.0	2958.0	0	12000.0	Song Thrush	sonthr1	0.4042	/Users/jonahgoh/Library/CloudStorage/OneDrive-NationalUniversityofSingapore/Morning_evening audio/Sorted_Audio/625m_12feb_morning/2MA05583_20250212_064702.wav	2955.0"
"267	Spectrogram 1	1	2967.0	2970.0	0	12000.0	Eurasian Blackbird	eurbla	0.9418	/Users/jonahgoh/Library/CloudStorage/OneDrive-NationalUniversityofSingapore/Morning_evening audio/Sorted_Audio/625m_12feb_morning/2MA05583_20250212_064702.wav	2967.0"
"268	Spectrogram 1	1	2970.0	2973.0	0	12000.0	Olive-winged Bulbul	olwbul1	0.5553	/Users/jonahgoh/Library/CloudStorage/OneDrive-NationalUniversityofSingapore/Morning_evening audio/Sorted_Audio/625m_12feb_morning/2MA05583_20250212_064702.wav	2970.0"
"269	Spectrogram 1	1	2970.0	2973.0	0	12000.0	Stripe-throated Bulbul	sttbul1	0.2909	/Users/jonahgoh/Library/CloudStorage/OneDrive-NationalUniversityofSingapore/Morning_evening audio/Sorted_Audio/625m_12feb_morning/2MA05583_20250212_064702.wav	2970.0"
"270	Spectrogram 1	1	2985.0	2988.0	0	12000.0	Olive-winged Bulbul	olwbul1	0.2738	/Users/jonahgoh/Library/CloudStorage/OneDrive-NationalUniversityofSingapore/Morning_evening audio/Sorted_Audio/625m_12feb_morning/2MA05583_20250212_064702.wav	2985.0"
"271	Spectrogram 1	1	2988.0	2991.0	0	12000.0	Orange-bellied Flowerpecker	orbflo1	0.3724	/Users/jonahgoh/Library/CloudStorage/OneDrive-NationalUniversityofSingapore/Morning_evening audio/Sorted_Audio/625m_12feb_morning/2MA05583_20250212_064702.wav	2988.0"
"272	Spectrogram 1	1	2988.0	2991.0	0	12000.0	Olive-winged Bulbul	olwbul1	0.3402	/Users/jonahgoh/Library/CloudStorage/OneDrive-NationalUniversityofSingapore/Morning_evening audio/Sorted_Audio/625m_12feb_morning/2MA05583_20250212_064702.wav	2988.0"
"273	Spectrogram 1	1	2994.0	2997.0	0	12000.0	Coral-billed Ground-Cuckoo	cbgcuc1	0.3836	/Users/jonahgoh/Library/CloudStorage/OneDrive-NationalUniversityofSingapore/Morning_evening audio/Sorted_Audio/625m_12feb_morning/2MA05583_20250212_064702.wav	2994.0"
"274	Spectrogram 1	1	3006.0	3009.0	0	12000.0	Olive-winged Bulbul	olwbul1	0.6398	/Users/jonahgoh/Library/CloudStorage/OneDrive-NationalUniversityofSingapore/Morning_evening audio/Sorted_Audio/625m_12feb_morning/2MA05583_20250212_064702.wav	3006.0"
"275	Spectrogram 1	1	3018.0	3021.0	0	12000.0	Greater Racket-tailed Drongo	grtdro1	0.4677	/Users/jonahgoh/Library/CloudStorage/OneDrive-NationalUniversityofSingapore/Morning_evening audio/Sorted_Audio/625m_12feb_morning/2MA05583_20250212_064702.wav	3018.0"
"276	Spectrogram 1	1	3027.0	3030.0	0	12000.0	Eurasian Blackbird	eurbla	0.2816	/Users/jonahgoh/Library/CloudStorage/OneDrive-NationalUniversityofSingapore/Morning_evening audio/Sorted_Audio/625m_12feb_morning/2MA05583_20250212_064702.wav	3027.0"
"277	Spectrogram 1	1	3030.0	3033.0	0	12000.0	Olive-winged Bulbul	olwbul1	0.3869	/Users/jonahgoh/Library/CloudStorage/OneDrive-NationalUniversityofSingapore/Morning_evening audio/Sorted_Audio/625m_12feb_morning/2MA05583_20250212_064702.wav	3030.0"
"278	Spectrogram 1	1	3048.0	3051.0	0	12000.0	Dark-necked Tailorbird	dantai1	0.2701	/Users/jonahgoh/Library/CloudStorage/OneDrive-NationalUniversityofSingapore/Morning_evening audio/Sorted_Audio/625m_12feb_morning/2MA05583_20250212_064702.wav	3048.0"
"279	Spectrogram 1	1	3057.0	3060.0	0	12000.0	Dark-necked Tailorbird	dantai1	0.8149	/Users/jonahgoh/Library/CloudStorage/OneDrive-NationalUniversityofSingapore/Morning_evening audio/Sorted_Audio/625m_12feb_morning/2MA05583_20250212_064702.wav	3057.0"
"280	Spectrogram 1	1	3066.0	3069.0	0	12000.0	Dark-necked Tailorbird	dantai1	0.3496	/Users/jonahgoh/Library/CloudStorage/OneDrive-NationalUniversityofSingapore/Morning_evening audio/Sorted_Audio/625m_12feb_morning/2MA05583_20250212_064702.wav	3066.0"
"281	Spectrogram 1	1	3072.0	3075.0	0	12000.0	Coral-billed Ground-Cuckoo	cbgcuc1	0.7583	/Users/jonahgoh/Library/CloudStorage/OneDrive-NationalUniversityofSingapore/Morning_evening audio/Sorted_Audio/625m_12feb_morning/2MA05583_20250212_064702.wav	3072.0"
"282	Spectrogram 1	1	3075.0	3078.0	0	12000.0	Dark-necked Tailorbird	dantai1	0.2543	/Users/jonahgoh/Library/CloudStorage/OneDrive-NationalUniversityofSingapore/Morning_evening audio/Sorted_Audio/625m_12feb_morning/2MA05583_20250212_064702.wav	3075.0"
"283	Spectrogram 1	1	3084.0	3087.0	0	12000.0	Stripe-throated Bulbul	sttbul1	0.4812	/Users/jonahgoh/Library/CloudStorage/OneDrive-NationalUniversityofSingapore/Morning_evening audio/Sorted_Audio/625m_12feb_morning/2MA05583_20250212_064702.wav	3084.0"
"284	Spectrogram 1	1	3090.0	3093.0	0	12000.0	Eurasian Blackbird	eurbla	0.4831	/Users/jonahgoh/Library/CloudStorage/OneDrive-NationalUniversityofSingapore/Morning_evening audio/Sorted_Audio/625m_12feb_morning/2MA05583_20250212_064702.wav	3090.0"
"285	Spectrogram 1	1	3099.0	3102.0	0	12000.0	Dark-necked Tailorbird	dantai1	0.7108	/Users/jonahgoh/Library/CloudStorage/OneDrive-NationalUniversityofSingapore/Morning_evening audio/Sorted_Audio/625m_12feb_morning/2MA05583_20250212_064702.wav	3099.0"
"286	Spectrogram 1	1	3108.0	3111.0	0	12000.0	Dark-necked Tailorbird	dantai1	0.7421	/Users/jonahgoh/Library/CloudStorage/OneDrive-NationalUniversityofSingapore/Morning_evening audio/Sorted_Audio/625m_12feb_morning/2MA05583_20250212_064702.wav	3108.0"
"287	Spectrogram 1	1	3117.0	3120.0	0	12000.0	Dark-necked Tailorbird	dantai1	0.8995	/Users/jonahgoh/Library/CloudStorage/OneDrive-NationalUniversityofSingapore/Morning_evening audio/Sorted_Audio/625m_12feb_morning/2MA05583_20250212_064702.wav	3117.0"
"288	Spectrogram 1	1	3123.0	3126.0	0	12000.0	Dark-necked Tailorbird	dantai1	0.8901	/Users/jonahgoh/Library/CloudStorage/OneDrive-NationalUniversityofSingapore/Morning_evening audio/Sorted_Audio/625m_12feb_morning/2MA05583_20250212_064702.wav	3123.0"
"289	Spectrogram 1	1	3126.0	3129.0	0	12000.0	Eurasian Blackbird	eurbla	0.2876	/Users/jonahgoh/Library/CloudStorage/OneDrive-NationalUniversityofSingapore/Morning_evening audio/Sorted_Audio/625m_12feb_morning/2MA05583_20250212_064702.wav	3126.0"
"290	Spectrogram 1	1	3129.0	3132.0	0	12000.0	Dark-necked Tailorbird	dantai1	0.4904	/Users/jonahgoh/Library/CloudStorage/OneDrive-NationalUniversityofSingapore/Morning_evening audio/Sorted_Audio/625m_12feb_morning/2MA05583_20250212_064702.wav	3129.0"
"291	Spectrogram 1	1	3138.0	3141.0	0	12000.0	Eurasian Blackbird	eurbla	0.4656	/Users/jonahgoh/Library/CloudStorage/OneDrive-NationalUniversityofSingapore/Morning_evening audio/Sorted_Audio/625m_12feb_morning/2MA05583_20250212_064702.wav	3138.0"
"292	Spectrogram 1	1	3138.0	3141.0	0	12000.0	Song Thrush	sonthr1	0.4137	/Users/jonahgoh/Library/CloudStorage/OneDrive-NationalUniversityofSingapore/Morning_evening audio/Sorted_Audio/625m_12feb_morning/2MA05583_20250212_064702.wav	3138.0"
"293	Spectrogram 1	1	3150.0	3153.0	0	12000.0	Song Thrush	sonthr1	0.2729	/Users/jonahgoh/Library/CloudStorage/OneDrive-NationalUniversityofSingapore/Morning_evening audio/Sorted_Audio/625m_12feb_morning/2MA05583_20250212_064702.wav	3150.0"
"294	Spectrogram 1	1	3156.0	3159.0	0	12000.0	Dark-necked Tailorbird	dantai1	0.3757	/Users/jonahgoh/Library/CloudStorage/OneDrive-NationalUniversityofSingapore/Morning_evening audio/Sorted_Audio/625m_12feb_morning/2MA05583_20250212_064702.wav	3156.0"
"295	Spectrogram 1	1	3162.0	3165.0	0	12000.0	Dark-necked Tailorbird	dantai1	0.4058	/Users/jonahgoh/Library/CloudStorage/OneDrive-NationalUniversityofSingapore/Morning_evening audio/Sorted_Audio/625m_12feb_morning/2MA05583_20250212_064702.wav	3162.0"
"296	Spectrogram 1	1	3168.0	3171.0	0	12000.0	Pin-striped Tit-Babbler	sttbab1	0.2613	/Users/jonahgoh/Library/CloudStorage/OneDrive-NationalUniversityofSingapore/Morning_evening audio/Sorted_Audio/625m_12feb_morning/2MA05583_20250212_064702.wav	3168.0"
"297	Spectrogram 1	1	3177.0	3180.0	0	12000.0	Dark-necked Tailorbird	dantai1	0.9305	/Users/jonahgoh/Library/CloudStorage/OneDrive-NationalUniversityofSingapore/Morning_evening audio/Sorted_Audio/625m_12feb_morning/2MA05583_20250212_064702.wav	3177.0"
"298	Spectrogram 1	1	3183.0	3186.0	0	12000.0	Dark-necked Tailorbird	dantai1	0.6175	/Users/jonahgoh/Library/CloudStorage/OneDrive-NationalUniversityofSingapore/Morning_evening audio/Sorted_Audio/625m_12feb_morning/2MA05583_20250212_064702.wav	3183.0"
"299	Spectrogram 1	1	3186.0	3189.0	0	12000.0	Dark-necked Tailorbird	dantai1	0.9150	/Users/jonahgoh/Library/CloudStorage/OneDrive-NationalUniversityofSingapore/Morning_evening audio/Sorted_Audio/625m_12feb_morning/2MA05583_20250212_064702.wav	3186.0"
"300	Spectrogram 1	1	3189.0	3192.0	0	12000.0	Dark-necked Tailorbird	dantai1	0.3564	/Users/jonahgoh/Library/CloudStorage/OneDrive-NationalUniversityofSingapore/Morning_evening audio/Sorted_Audio/625m_12feb_morning/2MA05583_20250212_064702.wav	3189.0"
"301	Spectrogram 1	1	3192.0	3195.0	0	12000.0	Dark-necked Tailorbird	dantai1	0.6690	/Users/jonahgoh/Library/CloudStorage/OneDrive-NationalUniversityofSingapore/Morning_evening audio/Sorted_Audio/625m_12feb_morning/2MA05583_20250212_064702.wav	3192.0"
"302	Spectrogram 1	1	3195.0	3198.0	0	12000.0	Dark-necked Tailorbird	dantai1	0.6822	/Users/jonahgoh/Library/CloudStorage/OneDrive-NationalUniversityofSingapore/Morning_evening audio/Sorted_Audio/625m_12feb_morning/2MA05583_20250212_064702.wav	3195.0"
"303	Spectrogram 1	1	3204.0	3207.0	0	12000.0	Greater Racket-tailed Drongo	grtdro1	0.3770	/Users/jonahgoh/Library/CloudStorage/OneDrive-NationalUniversityofSingapore/Morning_evening audio/Sorted_Audio/625m_12feb_morning/2MA05583_20250212_064702.wav	3204.0"
"304	Spectrogram 1	1	3210.0	3213.0	0	12000.0	Yellow-vented Bulbul	yevbul1	0.3320	/Users/jonahgoh/Library/CloudStorage/OneDrive-NationalUniversityofSingapore/Morning_evening audio/Sorted_Audio/625m_12feb_morning/2MA05583_20250212_064702.wav	3210.0"
"305	Spectrogram 1	1	3222.0	3225.0	0	12000.0	Pin-striped Tit-Babbler	sttbab1	0.7065	/Users/jonahgoh/Library/CloudStorage/OneDrive-NationalUniversityofSingapore/Morning_evening audio/Sorted_Audio/625m_12feb_morning/2MA05583_20250212_064702.wav	3222.0"
"306	Spectrogram 1	1	3231.0	3234.0	0	12000.0	Dark-necked Tailorbird	dantai1	0.3398	/Users/jonahgoh/Library/CloudStorage/OneDrive-NationalUniversityofSingapore/Morning_evening audio/Sorted_Audio/625m_12feb_morning/2MA05583_20250212_064702.wav	3231.0"
"307	Spectrogram 1	1	3237.0	3240.0	0	12000.0	Dark-necked Tailorbird	dantai1	0.2536	/Users/jonahgoh/Library/CloudStorage/OneDrive-NationalUniversityofSingapore/Morning_evening audio/Sorted_Audio/625m_12feb_morning/2MA05583_20250212_064702.wav	3237.0"
"308	Spectrogram 1	1	3255.0	3258.0	0	12000.0	Red-crowned Barbet	recbar1	0.7877	/Users/jonahgoh/Library/CloudStorage/OneDrive-NationalUniversityofSingapore/Morning_evening audio/Sorted_Audio/625m_12feb_morning/2MA05583_20250212_064702.wav	3255.0"
"309	Spectrogram 1	1	3258.0	3261.0	0	12000.0	Red-crowned Barbet	recbar1	0.8965	/Users/jonahgoh/Library/CloudStorage/OneDrive-NationalUniversityofSingapore/Morning_evening audio/Sorted_Audio/625m_12feb_morning/2MA05583_20250212_064702.wav	3258.0"
"310	Spectrogram 1	1	3261.0	3264.0	0	12000.0	Dark-necked Tailorbird	dantai1	0.2948	/Users/jonahgoh/Library/CloudStorage/OneDrive-NationalUniversityofSingapore/Morning_evening audio/Sorted_Audio/625m_12feb_morning/2MA05583_20250212_064702.wav	3261.0"
"311	Spectrogram 1	1	3270.0	3273.0	0	12000.0	Red-crowned Barbet	recbar1	0.6711	/Users/jonahgoh/Library/CloudStorage/OneDrive-NationalUniversityofSingapore/Morning_evening audio/Sorted_Audio/625m_12feb_morning/2MA05583_20250212_064702.wav	3270.0"
"312	Spectrogram 1	1	3285.0	3288.0	0	12000.0	Balicassiao	balica1	0.3715	/Users/jonahgoh/Library/CloudStorage/OneDrive-NationalUniversityofSingapore/Morning_evening audio/Sorted_Audio/625m_12feb_morning/2MA05583_20250212_064702.wav	3285.0"
"313	Spectrogram 1	1	3288.0	3291.0	0	12000.0	Red-crowned Barbet	recbar1	0.2610	/Users/jonahgoh/Library/CloudStorage/OneDrive-NationalUniversityofSingapore/Morning_evening audio/Sorted_Audio/625m_12feb_morning/2MA05583_20250212_064702.wav	3288.0"
"314	Spectrogram 1	1	3300.0	3303.0	0	12000.0	Yellow-vented Bulbul	yevbul1	0.5978	/Users/jonahgoh/Library/CloudStorage/OneDrive-NationalUniversityofSingapore/Morning_evening audio/Sorted_Audio/625m_12feb_morning/2MA05583_20250212_064702.wav	3300.0"
"315	Spectrogram 1	1	3303.0	3306.0	0	12000.0	Coral-billed Ground-Cuckoo	cbgcuc1	0.4063	/Users/jonahgoh/Library/CloudStorage/OneDrive-NationalUniversityofSingapore/Morning_evening audio/Sorted_Audio/625m_12feb_morning/2MA05583_20250212_064702.wav	3303.0"
"316	Spectrogram 1	1	3306.0	3309.0	0	12000.0	Red-crowned Barbet	recbar1	0.3594	/Users/jonahgoh/Library/CloudStorage/OneDrive-NationalUniversityofSingapore/Morning_evening audio/Sorted_Audio/625m_12feb_morning/2MA05583_20250212_064702.wav	3306.0"
"317	Spectrogram 1	1	3309.0	3312.0	0	12000.0	Olive-winged Bulbul	olwbul1	0.8714	/Users/jonahgoh/Library/CloudStorage/OneDrive-NationalUniversityofSingapore/Morning_evening audio/Sorted_Audio/625m_12feb_morning/2MA05583_20250212_064702.wav	3309.0"
"318	Spectrogram 1	1	3309.0	3312.0	0	12000.0	Yellow-vented Bulbul	yevbul1	0.2618	/Users/jonahgoh/Library/CloudStorage/OneDrive-NationalUniversityofSingapore/Morning_evening audio/Sorted_Audio/625m_12feb_morning/2MA05583_20250212_064702.wav	3309.0"
"319	Spectrogram 1	1	3315.0	3318.0	0	12000.0	Eurasian Blackbird	eurbla	0.4003	/Users/jonahgoh/Library/CloudStorage/OneDrive-NationalUniversityofSingapore/Morning_evening audio/Sorted_Audio/625m_12feb_morning/2MA05583_20250212_064702.wav	3315.0"
"320	Spectrogram 1	1	3315.0	3318.0	0	12000.0	Song Thrush	sonthr1	0.2809	/Users/jonahgoh/Library/CloudStorage/OneDrive-NationalUniversityofSingapore/Morning_evening audio/Sorted_Audio/625m_12feb_morning/2MA05583_20250212_064702.wav	3315.0"
"321	Spectrogram 1	1	3318.0	3321.0	0	12000.0	Olive-winged Bulbul	olwbul1	0.5059	/Users/jonahgoh/Library/CloudStorage/OneDrive-NationalUniversityofSingapore/Morning_evening audio/Sorted_Audio/625m_12feb_morning/2MA05583_20250212_064702.wav	3318.0"
"322	Spectrogram 1	1	3324.0	3327.0	0	12000.0	White-eared Brown-Dove	whedov1	0.3978	/Users/jonahgoh/Library/CloudStorage/OneDrive-NationalUniversityofSingapore/Morning_evening audio/Sorted_Audio/625m_12feb_morning/2MA05583_20250212_064702.wav	3324.0"
"323	Spectrogram 1	1	3330.0	3333.0	0	12000.0	Olive-winged Bulbul	olwbul1	0.9224	/Users/jonahgoh/Library/CloudStorage/OneDrive-NationalUniversityofSingapore/Morning_evening audio/Sorted_Audio/625m_12feb_morning/2MA05583_20250212_064702.wav	3330.0"
"324	Spectrogram 1	1	3333.0	3336.0	0	12000.0	Dark-necked Tailorbird	dantai1	0.5867	/Users/jonahgoh/Library/CloudStorage/OneDrive-NationalUniversityofSingapore/Morning_evening audio/Sorted_Audio/625m_12feb_morning/2MA05583_20250212_064702.wav	3333.0"
"325	Spectrogram 1	1	3336.0	3339.0	0	12000.0	Olive-winged Bulbul	olwbul1	0.3395	/Users/jonahgoh/Library/CloudStorage/OneDrive-NationalUniversityofSingapore/Morning_evening audio/Sorted_Audio/625m_12feb_morning/2MA05583_20250212_064702.wav	3336.0"
"326	Spectrogram 1	1	3339.0	3342.0	0	12000.0	Blue-rumped Parrot	blrpar1	0.3684	/Users/jonahgoh/Library/CloudStorage/OneDrive-NationalUniversityofSingapore/Morning_evening audio/Sorted_Audio/625m_12feb_morning/2MA05583_20250212_064702.wav	3339.0"
"327	Spectrogram 1	1	3342.0	3345.0	0	12000.0	Olive-winged Bulbul	olwbul1	0.7013	/Users/jonahgoh/Library/CloudStorage/OneDrive-NationalUniversityofSingapore/Morning_evening audio/Sorted_Audio/625m_12feb_morning/2MA05583_20250212_064702.wav	3342.0"
"328	Spectrogram 1	1	3345.0	3348.0	0	12000.0	Red-crowned Barbet	recbar1	0.7522	/Users/jonahgoh/Library/CloudStorage/OneDrive-NationalUniversityofSingapore/Morning_evening audio/Sorted_Audio/625m_12feb_morning/2MA05583_20250212_064702.wav	3345.0"
"329	Spectrogram 1	1	3348.0	3351.0	0	12000.0	Yellow-vented Bulbul	yevbul1	0.3059	/Users/jonahgoh/Library/CloudStorage/OneDrive-NationalUniversityofSingapore/Morning_evening audio/Sorted_Audio/625m_12feb_morning/2MA05583_20250212_064702.wav	3348.0"
"330	Spectrogram 1	1	3348.0	3351.0	0	12000.0	Olive-winged Bulbul	olwbul1	0.2652	/Users/jonahgoh/Library/CloudStorage/OneDrive-NationalUniversityofSingapore/Morning_evening audio/Sorted_Audio/625m_12feb_morning/2MA05583_20250212_064702.wav	3348.0"
"331	Spectrogram 1	1	3351.0	3354.0	0	12000.0	Red-crowned Barbet	recbar1	0.5267	/Users/jonahgoh/Library/CloudStorage/OneDrive-NationalUniversityofSingapore/Morning_evening audio/Sorted_Audio/625m_12feb_morning/2MA05583_20250212_064702.wav	3351.0"
"332	Spectrogram 1	1	3357.0	3360.0	0	12000.0	Olive-winged Bulbul	olwbul1	0.8313	/Users/jonahgoh/Library/CloudStorage/OneDrive-NationalUniversityofSingapore/Morning_evening audio/Sorted_Audio/625m_12feb_morning/2MA05583_20250212_064702.wav	3357.0"
"333	Spectrogram 1	1	3360.0	3363.0	0	12000.0	Red-crowned Barbet	recbar1	0.6486	/Users/jonahgoh/Library/CloudStorage/OneDrive-NationalUniversityofSingapore/Morning_evening audio/Sorted_Audio/625m_12feb_morning/2MA05583_20250212_064702.wav	3360.0"
"334	Spectrogram 1	1	3363.0	3366.0	0	12000.0	Red-crowned Barbet	recbar1	0.5718	/Users/jonahgoh/Library/CloudStorage/OneDrive-NationalUniversityofSingapore/Morning_evening audio/Sorted_Audio/625m_12feb_morning/2MA05583_20250212_064702.wav	3363.0"
"335	Spectrogram 1	1	3363.0	3366.0	0	12000.0	Dark-necked Tailorbird	dantai1	0.2723	/Users/jonahgoh/Library/CloudStorage/OneDrive-NationalUniversityofSingapore/Morning_evening audio/Sorted_Audio/625m_12feb_morning/2MA05583_20250212_064702.wav	3363.0"
"336	Spectrogram 1	1	3366.0	3369.0	0	12000.0	Red-crowned Barbet	recbar1	0.3292	/Users/jonahgoh/Library/CloudStorage/OneDrive-NationalUniversityofSingapore/Morning_evening audio/Sorted_Audio/625m_12feb_morning/2MA05583_20250212_064702.wav	3366.0"
"337	Spectrogram 1	1	3369.0	3372.0	0	12000.0	Red-crowned Barbet	recbar1	0.4786	/Users/jonahgoh/Library/CloudStorage/OneDrive-NationalUniversityofSingapore/Morning_evening audio/Sorted_Audio/625m_12feb_morning/2MA05583_20250212_064702.wav	3369.0"
"338	Spectrogram 1	1	3369.0	3372.0	0	12000.0	Dark-necked Tailorbird	dantai1	0.2562	/Users/jonahgoh/Library/CloudStorage/OneDrive-NationalUniversityofSingapore/Morning_evening audio/Sorted_Audio/625m_12feb_morning/2MA05583_20250212_064702.wav	3369.0"
"339	Spectrogram 1	1	3372.0	3375.0	0	12000.0	Olive-winged Bulbul	olwbul1	0.7088	/Users/jonahgoh/Library/CloudStorage/OneDrive-NationalUniversityofSingapore/Morning_evening audio/Sorted_Audio/625m_12feb_morning/2MA05583_20250212_064702.wav	3372.0"
"340	Spectrogram 1	1	3384.0	3387.0	0	12000.0	Red-crowned Barbet	recbar1	0.2546	/Users/jonahgoh/Library/CloudStorage/OneDrive-NationalUniversityofSingapore/Morning_evening audio/Sorted_Audio/625m_12feb_morning/2MA05583_20250212_064702.wav	3384.0"
"341	Spectrogram 1	1	3390.0	3393.0	0	12000.0	Red-crowned Barbet	recbar1	0.3482	/Users/jonahgoh/Library/CloudStorage/OneDrive-NationalUniversityofSingapore/Morning_evening audio/Sorted_Audio/625m_12feb_morning/2MA05583_20250212_064702.wav	3390.0"
"342	Spectrogram 1	1	3393.0	3396.0	0	12000.0	Red-crowned Barbet	recbar1	0.3859	/Users/jonahgoh/Library/CloudStorage/OneDrive-NationalUniversityofSingapore/Morning_evening audio/Sorted_Audio/625m_12feb_morning/2MA05583_20250212_064702.wav	3393.0"
"343	Spectrogram 1	1	3402.0	3405.0	0	12000.0	Red-crowned Barbet	recbar1	0.5211	/Users/jonahgoh/Library/CloudStorage/OneDrive-NationalUniversityofSingapore/Morning_evening audio/Sorted_Audio/625m_12feb_morning/2MA05583_20250212_064702.wav	3402.0"
"344	Spectrogram 1	1	3405.0	3408.0	0	12000.0	Red-crowned Barbet	recbar1	0.3543	/Users/jonahgoh/Library/CloudStorage/OneDrive-NationalUniversityofSingapore/Morning_evening audio/Sorted_Audio/625m_12feb_morning/2MA05583_20250212_064702.wav	3405.0"
"345	Spectrogram 1	1	3408.0	3411.0	0	12000.0	Red-crowned Barbet	recbar1	0.4375	/Users/jonahgoh/Library/CloudStorage/OneDrive-NationalUniversityofSingapore/Morning_evening audio/Sorted_Audio/625m_12feb_morning/2MA05583_20250212_064702.wav	3408.0"
"346	Spectrogram 1	1	3411.0	3414.0	0	12000.0	Red-crowned Barbet	recbar1	0.8982	/Users/jonahgoh/Library/CloudStorage/OneDrive-NationalUniversityofSingapore/Morning_evening audio/Sorted_Audio/625m_12feb_morning/2MA05583_20250212_064702.wav	3411.0"
"347	Spectrogram 1	1	3414.0	3417.0	0	12000.0	Red-crowned Barbet	recbar1	0.5254	/Users/jonahgoh/Library/CloudStorage/OneDrive-NationalUniversityofSingapore/Morning_evening audio/Sorted_Audio/625m_12feb_morning/2MA05583_20250212_064702.wav	3414.0"
"348	Spectrogram 1	1	3417.0	3420.0	0	12000.0	Dark-necked Tailorbird	dantai1	0.4674	/Users/jonahgoh/Library/CloudStorage/OneDrive-NationalUniversityofSingapore/Morning_evening audio/Sorted_Audio/625m_12feb_morning/2MA05583_20250212_064702.wav	3417.0"
"349	Spectrogram 1	1	3420.0	3423.0	0	12000.0	Red-crowned Barbet	recbar1	0.6058	/Users/jonahgoh/Library/CloudStorage/OneDrive-NationalUniversityofSingapore/Morning_evening audio/Sorted_Audio/625m_12feb_morning/2MA05583_20250212_064702.wav	3420.0"
"350	Spectrogram 1	1	3423.0	3426.0	0	12000.0	Red-crowned Barbet	recbar1	0.5604	/Users/jonahgoh/Library/CloudStorage/OneDrive-NationalUniversityofSingapore/Morning_evening audio/Sorted_Audio/625m_12feb_morning/2MA05583_20250212_064702.wav	3423.0"
"351	Spectrogram 1	1	3432.0	3435.0	0	12000.0	Dark-necked Tailorbird	dantai1	0.7681	/Users/jonahgoh/Library/CloudStorage/OneDrive-NationalUniversityofSingapore/Morning_evening audio/Sorted_Audio/625m_12feb_morning/2MA05583_20250212_064702.wav	3432.0"
"352	Spectrogram 1	1	3441.0	3444.0	0	12000.0	Red-crowned Barbet	recbar1	0.4917	/Users/jonahgoh/Library/CloudStorage/OneDrive-NationalUniversityofSingapore/Morning_evening audio/Sorted_Audio/625m_12feb_morning/2MA05583_20250212_064702.wav	3441.0"
"353	Spectrogram 1	1	3447.0	3450.0	0	12000.0	Pin-striped Tit-Babbler	sttbab1	0.2575	/Users/jonahgoh/Library/CloudStorage/OneDrive-NationalUniversityofSingapore/Morning_evening audio/Sorted_Audio/625m_12feb_morning/2MA05583_20250212_064702.wav	3447.0"
"354	Spectrogram 1	1	3450.0	3453.0	0	12000.0	Red-crowned Barbet	recbar1	0.3648	/Users/jonahgoh/Library/CloudStorage/OneDrive-NationalUniversityofSingapore/Morning_evening audio/Sorted_Audio/625m_12feb_morning/2MA05583_20250212_064702.wav	3450.0"
"355	Spectrogram 1	1	3456.0	3459.0	0	12000.0	Pin-striped Tit-Babbler	sttbab1	0.3302	/Users/jonahgoh/Library/CloudStorage/OneDrive-NationalUniversityofSingapore/Morning_evening audio/Sorted_Audio/625m_12feb_morning/2MA05583_20250212_064702.wav	3456.0"
"356	Spectrogram 1	1	3462.0	3465.0	0	12000.0	Red-crowned Barbet	recbar1	0.2859	/Users/jonahgoh/Library/CloudStorage/OneDrive-NationalUniversityofSingapore/Morning_evening audio/Sorted_Audio/625m_12feb_morning/2MA05583_20250212_064702.wav	3462.0"
"357	Spectrogram 1	1	3471.0	3474.0	0	12000.0	Red-crowned Barbet	recbar1	0.3568	/Users/jonahgoh/Library/CloudStorage/OneDrive-NationalUniversityofSingapore/Morning_evening audio/Sorted_Audio/625m_12feb_morning/2MA05583_20250212_064702.wav	3471.0"
"358	Spectrogram 1	1	3477.0	3480.0	0	12000.0	Red-crowned Barbet	recbar1	0.5746	/Users/jonahgoh/Library/CloudStorage/OneDrive-NationalUniversityofSingapore/Morning_evening audio/Sorted_Audio/625m_12feb_morning/2MA05583_20250212_064702.wav	3477.0"
"359	Spectrogram 1	1	3480.0	3483.0	0	12000.0	Red-crowned Barbet	recbar1	0.6116	/Users/jonahgoh/Library/CloudStorage/OneDrive-NationalUniversityofSingapore/Morning_evening audio/Sorted_Audio/625m_12feb_morning/2MA05583_20250212_064702.wav	3480.0"
"360	Spectrogram 1	1	3486.0	3489.0	0	12000.0	Red-crowned Barbet	recbar1	0.9762	/Users/jonahgoh/Library/CloudStorage/OneDrive-NationalUniversityofSingapore/Morning_evening audio/Sorted_Audio/625m_12feb_morning/2MA05583_20250212_064702.wav	3486.0"
"361	Spectrogram 1	1	3495.0	3498.0	0	12000.0	Red-crowned Barbet	recbar1	0.7210	/Users/jonahgoh/Library/CloudStorage/OneDrive-NationalUniversityofSingapore/Morning_evening audio/Sorted_Audio/625m_12feb_morning/2MA05583_20250212_064702.wav	3495.0"
"362	Spectrogram 1	1	3498.0	3501.0	0	12000.0	Red-crowned Barbet	recbar1	0.2847	/Users/jonahgoh/Library/CloudStorage/OneDrive-NationalUniversityofSingapore/Morning_evening audio/Sorted_Audio/625m_12feb_morning/2MA05583_20250212_064702.wav	3498.0"
"363	Spectrogram 1	1	3501.0	3504.0	0	12000.0	Micronesian Myzomela	micmyz1	0.3012	/Users/jonahgoh/Library/CloudStorage/OneDrive-NationalUniversityofSingapore/Morning_evening audio/Sorted_Audio/625m_12feb_morning/2MA05583_20250212_064702.wav	3501.0"
"364	Spectrogram 1	1	3504.0	3507.0	0	12000.0	Red-crowned Barbet	recbar1	0.8080	/Users/jonahgoh/Library/CloudStorage/OneDrive-NationalUniversityofSingapore/Morning_evening audio/Sorted_Audio/625m_12feb_morning/2MA05583_20250212_064702.wav	3504.0"
"365	Spectrogram 1	1	3507.0	3510.0	0	12000.0	Red-crowned Barbet	recbar1	0.4892	/Users/jonahgoh/Library/CloudStorage/OneDrive-NationalUniversityofSingapore/Morning_evening audio/Sorted_Audio/625m_12feb_morning/2MA05583_20250212_064702.wav	3507.0"
"366	Spectrogram 1	1	3507.0	3510.0	0	12000.0	Coral-billed Ground-Cuckoo	cbgcuc1	0.3049	/Users/jonahgoh/Library/CloudStorage/OneDrive-NationalUniversityofSingapore/Morning_evening audio/Sorted_Audio/625m_12feb_morning/2MA05583_20250212_064702.wav	3507.0"
"367	Spectrogram 1	1	3510.0	3513.0	0	12000.0	Red-crowned Barbet	recbar1	0.3467	/Users/jonahgoh/Library/CloudStorage/OneDrive-NationalUniversityofSingapore/Morning_evening audio/Sorted_Audio/625m_12feb_morning/2MA05583_20250212_064702.wav	3510.0"
"368	Spectrogram 1	1	3513.0	3516.0	0	12000.0	Red-crowned Barbet	recbar1	0.7743	/Users/jonahgoh/Library/CloudStorage/OneDrive-NationalUniversityofSingapore/Morning_evening audio/Sorted_Audio/625m_12feb_morning/2MA05583_20250212_064702.wav	3513.0"
"369	Spectrogram 1	1	3522.0	3525.0	0	12000.0	Red-crowned Barbet	recbar1	0.2570	/Users/jonahgoh/Library/CloudStorage/OneDrive-NationalUniversityofSingapore/Morning_evening audio/Sorted_Audio/625m_12feb_morning/2MA05583_20250212_064702.wav	3522.0"
"370	Spectrogram 1	1	3525.0	3528.0	0	12000.0	Olive-winged Bulbul	olwbul1	0.2515	/Users/jonahgoh/Library/CloudStorage/OneDrive-NationalUniversityofSingapore/Morning_evening audio/Sorted_Audio/625m_12feb_morning/2MA05583_20250212_064702.wav	3525.0"
"371	Spectrogram 1	1	3537.0	3540.0	0	12000.0	Red-crowned Barbet	recbar1	0.2750	/Users/jonahgoh/Library/CloudStorage/OneDrive-NationalUniversityofSingapore/Morning_evening audio/Sorted_Audio/625m_12feb_morning/2MA05583_20250212_064702.wav	3537.0"
"372	Spectrogram 1	1	3546.0	3549.0	0	12000.0	Red-crowned Barbet	recbar1	0.4989	/Users/jonahgoh/Library/CloudStorage/OneDrive-NationalUniversityofSingapore/Morning_evening audio/Sorted_Audio/625m_12feb_morning/2MA05583_20250212_064702.wav	3546.0"
"373	Spectrogram 1	1	3549.0	3552.0	0	12000.0	Red-crowned Barbet	recbar1	0.3482	/Users/jonahgoh/Library/CloudStorage/OneDrive-NationalUniversityofSingapore/Morning_evening audio/Sorted_Audio/625m_12feb_morning/2MA05583_20250212_064702.wav	3549.0"
"374	Spectrogram 1	1	3561.0	3564.0	0	12000.0	Red-crowned Barbet	recbar1	0.2814	/Users/jonahgoh/Library/CloudStorage/OneDrive-NationalUniversityofSingapore/Morning_evening audio/Sorted_Audio/625m_12feb_morning/2MA05583_20250212_064702.wav	3561.0"
"375	Spectrogram 1	1	3564.0	3567.0	0	12000.0	Red-crowned Barbet	recbar1	0.8357	/Users/jonahgoh/Library/CloudStorage/OneDrive-NationalUniversityofSingapore/Morning_evening audio/Sorted_Audio/625m_12feb_morning/2MA05583_20250212_064702.wav	3564.0"
"376	Spectrogram 1	1	3567.0	3570.0	0	12000.0	Red-crowned Barbet	recbar1	0.2830	/Users/jonahgoh/Library/CloudStorage/OneDrive-NationalUniversityofSingapore/Morning_evening audio/Sorted_Audio/625m_12feb_morning/2MA05583_20250212_064702.wav	3567.0"
"377	Spectrogram 1	1	3570.0	3573.0	0	12000.0	Red-crowned Barbet	recbar1	0.3344	/Users/jonahgoh/Library/CloudStorage/OneDrive-NationalUniversityofSingapore/Morning_evening audio/Sorted_Audio/625m_12feb_morning/2MA05583_20250212_064702.wav	3570.0"
"378	Spectrogram 1	1	3573.0	3576.0	0	12000.0	Red-crowned Barbet	recbar1	0.2603	/Users/jonahgoh/Library/CloudStorage/OneDrive-NationalUniversityofSingapore/Morning_evening audio/Sorted_Audio/625m_12feb_morning/2MA05583_20250212_064702.wav	3573.0"
"379	Spectrogram 1	1	3582.0	3585.0	0	12000.0	Olive-winged Bulbul	olwbul1	0.5768	/Users/jonahgoh/Library/CloudStorage/OneDrive-NationalUniversityofSingapore/Morning_evening audio/Sorted_Audio/625m_12feb_morning/2MA05583_20250212_064702.wav	3582.0"
"380	Spectrogram 1	1	3585.0	3588.0	0	12000.0	Olive-winged Bulbul	olwbul1	0.3153	/Users/jonahgoh/Library/CloudStorage/OneDrive-NationalUniversityofSingapore/Morning_evening audio/Sorted_Audio/625m_12feb_morning/2MA05583_20250212_064702.wav	3585.0"
"381	Spectrogram 1	1	3588.0	3591.0	0	12000.0	Red-crowned Barbet	recbar1	0.8536	/Users/jonahgoh/Library/CloudStorage/OneDrive-NationalUniversityofSingapore/Morning_evening audio/Sorted_Audio/625m_12feb_morning/2MA05583_20250212_064702.wav	3588.0"
"382	Spectrogram 1	1	3591.0	3594.0	0	12000.0	Yellow-vented Bulbul	yevbul1	0.2544	/Users/jonahgoh/Library/CloudStorage/OneDrive-NationalUniversityofSingapore/Morning_evening audio/Sorted_Audio/625m_12feb_morning/2MA05583_20250212_064702.wav	3591.0"
